Workbook

Sheet 問題
A1: 班名 | B1: シーン | C1: No. | D1: 共通 | E1: 共／個 | F1: 問題 | G1: ｺﾐｭﾆｹｰｼｮﾝ | H1: 評価基準（ｺﾐｭﾆｹｰｼｮﾝ） | I1: 情報収集 | J1: 評価基準（情報収集） | K1: 情報分析 | L1: 評価基準（情報分析） | M1: 想像・先読み | N1: 評価基準（想像・先読み） | O1: 計画 | P1: 評価基準（計画）
A3: 00全班共通 | B3: シーン1 | C3: 1 | D3: 共通01 | E3: 共通 | F3: 発災当日18時すぎ 在宅勤務の残業中に激しい揺れに襲われましたが、ようやく揺れが収まりました。輻輳中でネットはつながりにくい状況です。 あなたならどのような行動をとりますか？ 何を使用し、何を行うか具体的に記述して下さい。 ※評価対象コンピテンシー：情報収集力、想像・先読み力、計画力 | I3: ● | J3: 1点：災害情報を自ら情報収集しようとしている 2点：災害情報に加えて、社内関係者の安否、被災状況、外にいる場合は家族の安否など、自ら情報収集しようとしている 3点：通信状況が悪いことを前提に、事前にチャットを送り送信されるのを待つなど、創意工夫をしながら情報収集をしようとしている | M3: ● | N3: 1点：余震や津波など、これから身の回りに起こることを想像できている 2点：自身に加えて、家族や、班員、サービスにどのような影響が出るのかを想像できている 3点：自身に加えて、家族や、班員、サービス影響について想像した内容を情報収集や計画に活用している | O3: ● | P3: 1点：自身の行動に対する計画を立てている 2点：自身に加えて、家族や、班員、サービスに対する計画を立てている 3点：想像力や収集情報をもとに、自身に加えて、家族や、班員、サービスに対する計画を立てている
A4: 00全班共通 | B4: シーン1 | C4: 2 | D4: 共通02 | E4: 共通 | F4: 発災当日18時すぎ Teamsチャットでの他班のやり取りを見ていると、首都圏内のドコモビジネスのオフィスや各社員の自宅もネットがつながりにくい状況のようです。小規模ながら余震も数回発生しています。 あなたならどのような行動をとりますか？ 何を使用し、何を行うか具体的に記述して下さい。 ※評価対象コンピテンシー：情報収集力 | I4: ● | J4: 1点：災害情報を自ら情報収集しようとしている 2点：広域での被害発生を想定し、社内関係者の安否やサービス影響に関する情報を自ら収集しようとしている 3点：広域での被害発生を想定し、今後の初動対応上重要となる情報を想定した上で、先手先手で社内関係者の安否やサービス影響に関する情報を自ら収集しようとしている
A5: 00全班共通 | B5: シーン1 | C5: 3 | D5: 共通03 | E5: 共通 | F5: 発災当日18時半 自身および家族の安全は確保されました。その中で以下の情報が同時に入ってきた場合に初動対応において、最優先で分析確認する情報はどれかを選択して下さい。また、その理由を「情報の確からしさ」と「リスクの大きさ（影響範囲×緊急性）」の観点で説明して下さい。 A：自治体公式SNS「○○市で震度6強を観測。被害状況を確認中」 B：SNS投稿「○○駅が全壊。多数のけが人がいる」 C：班員からのTeamsチャット「サービス班から●●サービスの通信断を検知の模様」 D：班員からのTeamsチャット「自宅周辺で停電している」 ※評価対象コンピテンシー：情報分析力 | K5: ● | L5: 1点：C以外を選択、もしくはCを選択し、信頼性、影響範囲、緊急性のうちの1つが説明されている 2点：Cを選択し、信頼性、影響範囲、緊急性のうちの2つが適切に説明されている 3点：Cを選択し、信頼性、影響範囲、緊急性の全てが適切に説明されている
A6: 00全班共通 | B6: シーン1 | C6: 4 | D6: 共通04 | E6: 共通 | I6: ● | J6: 1点：今後の対応に向けて、自ら情報収集しようとしている 2点：今後の対応に向け、班内や関連組織から情報収集している 3点：班の代表として、今後の対応に向け、班内や関連組織から情報収集している | O6: ● | P6: 1点：自身の行動に対する計画を立てている 2点：班活動に必要な計画を立てている 3点：班の代表として全社情報共有会議に参加することを想定して、班活動に必要な計画を立てている
A7: 00全班共通 | B7: シーン1 | C7: 5 | D7: 共通05 | E7: 共通 | F7: 発災当日19時 輻輳のため、携帯電話が繋がりにくい状態が継続しています。会社スマートフォンは通信ができる状況だが、自班の班長、班員は電話やチャットに応答せず、連絡がとれない状況です。 あなたならどのような行動をとりますか？ 何を使用し、何を行うか具体的に記述して下さい。 ※評価対象コンピテンシー：想像・先読み力、計画力 | M7: ● | N7: 1点：今後の流れを想像・先読みした上で行動している。 2点：連絡の取れない班長や班員の置かれている状況を想定しつつ、必要な行動を想定している。 3点：連絡の取れない班長や班員の置かれている状況を想定しつつ、当面は班の代表者としての対応が必要であることを想定している。 | O7: ● | P7: 1点：班長や班員と連絡を取るための計画を立てている 2点：班長や班員と連絡を取るための計画と、連絡が取れない場合の対応を計画している 3点：班の代表者目線で、情報統括班（危機管理室）との連携しながら、全社情報共有の輪への参加や危機管理DBの対応を計画している
A8: 00全班共通 | B8: シーン1 | C8: 6 | D8: 共通06 | E8: 共通 | F8: 発災当日19時 SNSで「某国から弾道ミサイルが発射された」との情報を見つけました。 あなたならどのような行動を行いますか？ 何を使用し、何を行うか具体的に記述して下さい。 ※評価対象コンピテンシー：情報収集力、情報分析力、想像・先読み力 | I8: ● | J8: 1点：弾道ミサイル情報に関して情報収集しようとしている 2点：国からの弾道ミサイル情報（Jアラート情報もしくはメールなど）に関して確認している 3点：国からの弾道ミサイル情報（Jアラート情報もしくはメールなど）を確認し、真である可能性が高い場合は、班の代表として今後の対応に向けた班内や関連組織から情報収集している | K8: ● | L8: 1点：情報の真偽を確かめている 2点：情報の真偽を確かめた上で、重大な影響を及ぼす可能性がある因子の特定している 3点：情報の真偽の確認と、重大な影響を及ぼす可能性がある因子を特定した上で、災対本部など、班間でのサポートを要請（注意喚起）する等の行動を起こしている | M8: ● | N8: ■情報分析の結果、偽と想定した場合 1点：フェイクニュースに惑わされている社員がいることを想定している 2点：類似のフェイクニュースが出ることを想定し、情報展開や注意喚起をしている 3点：情報展開や注意喚起に加えて、拡散しないように等、被害拡大抑止の行動をしている ■情報分析の結果、真と想定した場合 1点：本情報を把握していない社員がいることを想定している 2点：本情報を把握していない社員がいることを想定し、早急な注意喚起が必要であると想定している 3点：弾道ルートや落下予測地点に近い場所にいるメンバーには不要不急の外出を控え、原則自宅待機するよう指示が必要になることを想定している
A9: 00全班共通 | B9: シーン1 | C9: 7 | D9: 共通07 | E9: 共通 | F9: 発災当日19時半 全社情報共有の会議に参加したところ、自班で参加しているのはあなた一人でした。会議進行は西日本初動本部が行っています。 心の声（なんとか班員を招集しないといけないな・・・） あなたならどのような行動をとりますか？ 何を使用し、何を行うか具体的に記述して下さい。 ※評価対象コンピテンシー：情報収集力、計画力 | I9: ● | J9: 1点：班内の情報を収集しようとしている 2点：全社情報共有の会議に必要な情報に関して情報収集している 3点：情報収集の体制確立に向けて、班員の招集や他班との連携を検討している+L9 | O9: ● | P9: 1点：全社情報共有の会議での報告に向けた対応の計画をしている 2点：全社情報共有の会議で班の代表として、情報収集とそのまとめ、班行動の計画をしている 3点：全社情報共有の会議で班の代表として、情報収集とそのまとめ、班行動の計画と、他班への人的リソースの支援依頼など、実行に必要な調整まで計画している
A10: 00全班共通 | B10: シーン1 | C10: 8 | D10: 共通08 | E10: 共通 | F10: 発災当日19時半 NHKニュースの交通情報を会社スマートフォンで確認しました。 ・東京都、神奈川県、千葉県、埼玉県の鉄道は全線停止 ・道路は交通規制が発令され、各地で渋滞が発生中 （下図の高速道路、国道は一般車両通行止め、環状七号線内側方向の通行禁止） あなたならどのような行動をとりますか？ 何を使用し、何を行うか具体的に記述して下さい。 マップ引用（警視庁） https://www.keishicho.metro.tokyo.lg.jp/kurashi/saigai/shinsai_kisei/kisei/kisei_1.html ※評価対象コンピテンシー：情報収集力、情報分析力、想像・先読み力 | I10: ● | J10: 1点：必要な追加情報を収集している 2点：情報分析や今後の対応に必要な情報を収集している 3点：災害対応の全体像を見据えた上で、先手先手で指示をして、必要な情報を班内外から情報収集している | K10: ● | L10: 1点：自班やサービスへの影響がないかどうかを確かめている 2点：自班やサービスへの重大な影響を及ぼす可能性がある因子を特定している 3点：自班やサービスへの重大な影響を及ぼす可能性がある因子を特定した上で、災対本部など、班間でのサポートを要請（注意喚起）する等の行動を起こしている | M10: ● | N10: 1点：交通インフラ停止に伴う影響を想像している 2点：交通インフラ停止に伴う自班（帰宅困難者等）への影響を具体的に想像している 3点：交通インフラ停止に伴う自班（帰宅困難者等）やサービスへの影響を具体的に想像し、その対応や予防策を検討している
A11: 01本部長支援 | B11: シーン2 | C11: 1 | D11: 共通09 | E11: 共通 | F11: 発災当日20時 引き続き、ネットは繋がるが、携帯電話は輻輳中で繋がりにくい状況です。班員とは連絡がとれましたが、班長と連絡が取れません。 あなたならどのような行動をとりますか？ 何を使用し、何を行うか具体的に記述して下さい。 ※評価対象コンピテンシー：コミュニケーション力、情報収集力 | G11: ● | H11: 1点：班員への情報発信（一方向） 2点：自班内でコミュニケーションをとろうとしている（双方向） 3点：班長代理や副班長を中心とした体制を構築した上で、班間、班内でコミュニケーションをとろうとしている | I11: ● | J11: 1点：班長への連絡を試みている、班員から情報を収集している 2点：SNS等を含めて複数の手段を活用して班長への連絡を試みている 現時点での班内のとりまとめに必要な情報を特定した上で班員から情報収集している 3点：班長への連絡の試みや班員からの情報収集に加えて、情報統括班への支援依頼や体制構築などを行っている
A12: 01本部長支援 | B12: シーン2 | C12: 2 | D12: 共通10 | E12: 共通 | F12: 発災当日21時 西日本初動本部より、22時から全社情報共有の会議を実施する連絡が入りました。班長不在の中、会議開始までの1時間で班としてやるべきことを検討して下さい。 ※評価対象コンピテンシー：コミュニケーション力、計画力 | G12: ● | H12: 1点：班員への情報発信（一方向） 2点：班長と連絡をとり続けるとともに、全社情報共有の会議参加に向けて、自班内でコミュニケーションをとっている（双方向） 3点：班長と連絡をとり続けるとともに、班長代理や副班長を中心とした体制を構築した上で、班間、班内でコミュニケーションをとる準備をしている | O12: ● | P12: 1点：全社情報共有の会議への参加に向けた準備を計画している 2点：全社情報共有の会議へ班の代表として参加するための準備を計画をしている 3点：全社情報共有の会議で班の代表として参加するための準備を具体的に計画をしている ※班長代理の擁立、班の体制構築、収集情報のまとめ、班行動の計画、班間連携の計画
A13: 01本部長支援 | B13: シーン2 | C13: 3 | D13: 個別 | E13: 個別 | F13: 発災当日21時 会社スマートフォンを呼び出しているが応答はなく、Teamsチャットの既読もつかず、本部長（社長）の安否が不明です。 秘書室とは連絡が取れている状況です。 あなたならどのような行動をとりますか？ 何を使用し、何を行うか具体的に記述して下さい。 ※評価対象コンピテンシー：コミュニケーション力、情報収集力、計画力 | G13: ● | H13: ≪コミュニケーション≫班員と連絡が取れる状況になったので指示/展開が行えるか？ ・当事実を自身や周囲のメンバに展開 １点 ・当事実を踏まえ班内に展開し、情報収集を支持する ２点 ・当事象を班間に状況を共有、他班の協力を求める等アクションをおこしていれば ３点 | I13: ● | J13: ≪情報収集力≫班員と連絡が取れる状況になったので指示/展開が行えるか？ ・自ら情報収集しようとしている １点 ・指示をして、問題解決に必要な情報を収集している ２点 ⇒まずは誰が災害対応可能かを情報収集する ・先手先手で指示をして、問題解決に必要な情報を災対本部などで班内外から情報収集している ３点 | O13: ● | P13: ≪計画力≫本部長の代行対応について、そろそろ並行して計画する必要がある ・自身の周辺または自身の顧客に関わる影響と、その対応を検討できていれば １点 ・自身の周辺と自身の顧客に関わる影響と、その対応を検討できていれば ２点 ・今後の計画、中長期的な展望にかんする対策・計画を行う行動で ３点 （このまま社長との連絡が取れない場合は、副社長への代行が必要な点を考えられるか）
A14: 01本部長支援 | B14: シーン2 | C14: 4 | D14: 個別 | E14: 個別 | F14: 発災当日22時 本部長（社長）と連絡が取れましたが、身動きがとれない状況です。 本部長の代行を立てるためにあなたならどのような行動を行いますか？ 副社長A(代行順位1位) ：連絡は取れるが、動き出せるのは翌日18時以降の見通し。 副社長B(代行順位2位) ：連絡がとれない。 副社長C(代行順位3位) ：連絡が取れる。 ※評価対象コンピテンシー：情報分析力、想像・先読み力、計画力 | K14: ● | L14: ≪情報分析力≫ 時間シーンとしては、西初動本部長が代行しているため、発災直後としては、問題ない。（このまま） | M14: ● | N14: ≪想像・先読み≫ 24時間後を見据え、代取4役で行動可能な方を探す 社長の行動制限が発災24時間後に解除可能か？代行順位に従い、24時間後の状況を整理する | O14: ● | P14: ≪計画力≫ 万が一、社長代行で副社長を据える場合、代行解除の条件を整理し、当てはまる時間に代行解除を行う計画を立てる
A15: 01本部長支援 | B15: シーン2 | C15: 5 | D15: 個別 | E15: 個別 | F15: 発災翌日12時 西日本初動本部から、料金減免のHP掲載予定について問い合わせがありました。 あなたならどのような行動をとりますか？ 何を使用し、何を行うか具体的に記述して下さい。 ※評価対象コンピテンシー：コミュニケーション力、情報収集力 | G15: ● | H15: ≪コミュニケーション≫班員と連絡が取れる状況になったので指示/展開が行えるか？ ・当事実を自身や周囲のメンバに展開 １点 ・当事実を班内および本部長に展開 ２点 ・班間に状況を共有、さらにアクションをおこしていれば ３点 | I15: ● | J15: ≪情報収集力≫班員と連絡が取れる状況になったので指示/展開が行えるか？ ・適用条件等を自身で収集 1点 ・適用条件等を班員を巻き込んで収集、収集する体制を整える 2点 ・班間の情報を含め収集（ほかにあるのか等） 3点
A16: 01本部長支援 | B16: シーン2 | C16: 6 | D16: 個別 | E16: 個別 | F16: 発災翌日12時 西日本初動本部から、サービスごとの料金減免方針について問い合わせがありました。 あなたならどのような行動をとりますか？ 何を使用し、何を行うか具体的に記述して下さい。 ※評価対象コンピテンシー：コミュニケーション力 | G16: ● | H16: ≪コミュニケーション≫班員と連絡が取れる状況になったので指示/展開が行えるか？ ・自身や周囲のメンバに展開し、自己解決を図る １点 ・班内に展開し、班としての意思決定・回答をしている ２点 ・2点に加え、班間に状況を共有、さらにアクション（同類質問がないようにとか）をおこしていれば ３点
A17: 01本部長支援 | B17: シーン2 | C17: 7 | D17: 共通11 | E17: 共通 | F17: 発災翌日15時 班長と連絡が取れました。 あなたならどのような行動をとりますか？ 何を使用し、何を行うか具体的に記述して下さい。 ※評価対象コンピテンシー：コミュニケーション力 | G17: ● | H17: 1点：班長への情報提供（一方向） 2点：班長へのこれまでの対応事項や課題感に関するコミュニケーションをとっている（双方向） 3点：班長と双方向とのコミュニケーションに加えて、全社情報共有会議での報告や危機管理DBへの投入など、班外へも情報を共有し、コミュニケーションの活性化を行う
A18: 02広報 | B18: シーン2 | C18: 1 | D18: 共通09 | E18: 共通 | F18: 発災当日20時 引き続き、ネットは繋がるが、携帯電話は輻輳中で繋がりにくい状況です。班員とは連絡がとれましたが、班長と連絡が取れません。 あなたならどのような行動をとりますか？ 何を使用し、何を行うか具体的に記述して下さい。 ※評価対象コンピテンシー：コミュニケーション力、情報収集力 | G18: ● | H18: 1点：班員への情報発信（一方向） 2点：自班内でコミュニケーションをとろうとしている（双方向） 3点：班長代理や副班長を中心とした体制を構築した上で、班間、班内でコミュニケーションをとろうとしている | I18: ● | J18: 1点：班長への連絡を試みている、班員から情報を収集している 2点：SNS等を含めて複数の手段を活用して班長への連絡を試みている 現時点での班内のとりまとめに必要な情報を特定した上で班員から情報収集している 3点：班長への連絡の試みや班員からの情報収集に加えて、情報統括班への支援依頼や体制構築などを行っている
A19: 02広報 | B19: シーン2 | C19: 2 | D19: 共通10 | E19: 共通 | F19: 発災当日21時 西日本初動本部より、22時から全社情報共有の会議を実施する連絡が入りました。班長不在の中、会議開始までの1時間で班としてやるべきことを検討して下さい。 ※評価対象コンピテンシー：コミュニケーション力、計画力 | G19: ● | H19: 1点：班員への情報発信（一方向） 2点：班長と連絡をとり続けるとともに、全社情報共有の会議参加に向けて、自班内でコミュニケーションをとっている（双方向） 3点：班長と連絡をとり続けるとともに、班長代理や副班長を中心とした体制を構築した上で、班間、班内でコミュニケーションをとる準備をしている | O19: ● | P19: 1点：全社情報共有の会議への参加に向けた準備を計画している 2点：全社情報共有の会議へ班の代表として参加するための準備を計画をしている 3点：全社情報共有の会議で班の代表として参加するための準備を具体的に計画をしている ※班長代理の擁立、班の体制構築、収集情報のまとめ、班行動の計画、班間連携の計画
A20: 02広報 | B20: シーン2 | C20: 3 | D20: 個別 | E20: 個別 | F20: 発災当日21時 SNS上で、(実際には故障していない)「OCNがつながらない、NTTドコモビジネスの通信障害だ！」との投稿が200件/30分あったとSLCから電話がありました。 あなたならどのような行動をとりますか？ 何を使用し、何を行うか具体的に記述して下さい。 ※評価対象コンピテンシー：情報収集力、計画力 | I20: ● | J20: ≪情報収集力≫ ・自ら情報収集しようとしている １点 ・指示をして、問題解決に必要な情報を収集している ２点 ・先手先手で指示をして、問題解決に必要な情報を災対本部などで班内外から情報収集している ３点 | O20: ● | P20: ≪計画力≫ ・自分でできる対応を計画している １点 ・周囲の班員でできる対応を計画している ２点 ・災害対応の全体像を見据えたり、先読みした内容を踏まえた上で、既存ルールにこだわらず対応を計画している ３点
A21: 02広報 | B21: シーン2 | C21: 4 | D21: 個別 | E21: 個別 | F21: 発災当日22時 電話がつながりはじめました。NHKから電話で「NTTドコモビジネスのサービス故障の状況を30分以内に教えてほしい」と連絡がありました。その後、共同通信、読売新聞からも同様の電話が来ました。 あなたならどのような行動をとりますか？ 何を使用し、何を行うか具体的に記述して下さい。 ※評価対象コンピテンシー：コミュニケーション力、情報収集力 | G21: ● | H21: ≪コミュニケーション力≫ ・班内で指示/連絡をとろうとしている １点 ・班内、班間で具体的に意思疎通（傾聴＋伝達）している ２点 ・組織や立場を超えて、付加価値を付けた上で自身の考えを意思疎通（傾聴＋伝達）している ３点 | I21: ● | J21: ≪情報収集力≫ ・自ら情報収集しようとしている １点 ・指示をして、問題解決に必要な情報を収集している ２点 ⇒まずは誰が災害対応可能かを情報収集する ・先手先手で指示をして、問題解決に必要な情報を災対本部などで班内外から情報収集している ３点
A22: 02広報 | B22: シーン2 | C22: 5 | D22: 個別 | E22: 個別 | F22: 発災翌日12時 複数のサービスが故障しており、オフィシャルサイトのトップに故障情報が乱立しています。 あなたならどのような行動をとりますか？ 何を使用し、何を行うか具体的に記述して下さい。 ※評価対象コンピテンシー：計画力 | O22: ● | P22: ≪計画力≫ ・自分でできる対応を計画している １点 ・周囲の班員でできる対応を計画している ２点 ・災害対応の全体像を見据えたり、先読みした内容を踏まえた上で、既存ルールにこだわらず対応を計画している ３点
A23: 02広報 | B23: シーン2 | C23: 6 | D23: 個別 | E23: 個別 | F23: 発災翌日12時 ドコモ広報の担当者とのTeamsチャットのやり取りで、ドコモショップの店頭にて通信障害情報の掲示を1時間ごとに行うことが判明しました。 あなたならどのような行動を行いますか？ 何を使用し、何を行うか具体的に記述して下さい。 ※評価対象コンピテンシー：情報分析力、想像・先読み力 | K23: ● | L23: ≪情報分析力≫ ・情報分析（重大な影響を及ぼす可能性がある因子の特定）を試みている １点 ・情報分析を行い、重大な影響を及ぼす可能性がある因子の特定している ２点 ・情報分析を行い、重大な影響を及ぼす可能性がある因子の特定した上で、災対本部など、班間でのサポートを要請（注意喚起）する等の行動を起こしている ３点 | M23: ● | N23: ≪想像、先読み力≫ ・次に起こる事を想定しようとしている １点 ・次に起こる事を想定して、今できることを検討している ２点 ・災害対応の全体像を見据えた上で次に起こる事を想定して、具体的に対応や予防策を検討している ３点
A24: 02広報 | B24: シーン2 | C24: 7 | D24: 共通11 | E24: 共通 | F24: 発災翌日15時 班長と連絡が取れました。 あなたならどのような行動をとりますか？ 何を使用し、何を行うか具体的に記述して下さい。 ※評価対象コンピテンシー：コミュニケーション力 | G24: ● | H24: 1点：班長への情報提供（一方向） 2点：班長へのこれまでの対応事項や課題感に関するコミュニケーションをとっている（双方向） 3点：班長と双方向とのコミュニケーションに加えて、全社情報共有会議での報告や危機管理DBへの投入など、班外へも情報を共有し、コミュニケーションの活性化を行う
A25: 03総務 | B25: シーン2 | C25: 1 | D25: 共通09 | E25: 共通 | F25: 発災当日20時 引き続き、ネットは繋がるが、携帯電話は輻輳中で繋がりにくい状況です。班員とは連絡がとれましたが、班長と連絡が取れません。 あなたならどのような行動をとりますか？ 何を使用し、何を行うか具体的に記述して下さい。 ※評価対象コンピテンシー：コミュニケーション力、情報収集力 | G25: ● | H25: 1点：班員への情報発信（一方向） 2点：自班内でコミュニケーションをとろうとしている（双方向） 3点：班長代理や副班長を中心とした体制を構築した上で、班間、班内でコミュニケーションをとろうとしている | I25: ● | J25: 1点：班長への連絡を試みている、班員から情報を収集している 2点：SNS等を含めて複数の手段を活用して班長への連絡を試みている 現時点での班内のとりまとめに必要な情報を特定した上で班員から情報収集している 3点：班長への連絡の試みや班員からの情報収集に加えて、情報統括班への支援依頼や体制構築などを行っている
A26: 03総務 | B26: シーン2 | C26: 2 | D26: 共通10 | E26: 共通 | F26: 発災当日21時 西日本初動本部より、22時から全社情報共有の会議を実施する連絡が入りました。班長不在の中、会議開始までの1時間で班としてやるべきことを検討して下さい。 ※評価対象コンピテンシー：コミュニケーション力、計画力 | G26: ● | H26: 1点：班員への情報発信（一方向） 2点：班長と連絡をとり続けるとともに、全社情報共有の会議参加に向けて、自班内でコミュニケーションをとっている（双方向） 3点：班長と連絡をとり続けるとともに、班長代理や副班長を中心とした体制を構築した上で、班間、班内でコミュニケーションをとる準備をしている | O26: ● | P26: 1点：全社情報共有の会議への参加に向けた準備を計画している 2点：全社情報共有の会議へ班の代表として参加するための準備を計画をしている 3点：全社情報共有の会議で班の代表として参加するための準備を具体的に計画をしている ※班長代理の擁立、班の体制構築、収集情報のまとめ、班行動の計画、班間連携の計画
A27: 03総務 | B27: シーン2 | C27: 3 | D27: 個別 | E27: 個別 | F27: 発災当日21時 自班のTeamsチャット上で各拠点の被災状況が報告されました。 ・NTTドコモビジネスオフィスビルの被災状況として、事務室にモノが散乱しているエリア有 ・猿楽ビルの玄関が被災し通行止めの状況 ・大手町プレイスにて入室セキュリティシステムが一部停止 ・その他のビルはエレベータの稼働が3割程度 ・首都圏でビルに留まっているのは社員500名、委託業者320名、お客様55名 ・重傷者（本人、家族）、家屋の重被害ともに数名のまま増加なし あなたならどのような行動をとりますか？ 何を使用し、何を行うか具体的に記述して下さい。 ※評価対象コンピテンシー：コミュニケーション力、情報分析力、計画力 | G27: ● | H27: 1点：各組織総務厚生班への情報発信（一方向） 2点：各組織総務厚生班とコミュニケーションをとっている（双方向） 3点：班長不在の中でも班内の体制を構築した上で、各組織総務厚生班でコミュニケーションをとっている | K27: ● | L27: 1点：お客様、社員、委託業者など関係者への影響を確かめている 2点：お客様、社員、委託業者など関係者への重大な影響を及ぼす可能性がある因子を特定している 3点：お客様、社員、委託業者など関係者への重大な影響を及ぼす可能性がある因子を特定した上で、具体的な対応策の検討や災対本部などへ班間サポートを要請する等の行動を起こしている | O27: ● | P27: 1点：班内でできる被災状況への対応を検討している 2点：被災状況の分析結果に応じて、優先順位や適切な対応を具体的なに検討している 3点：被災状況の分析結果に応じて、災害対応の全体像を想定しながら、優先順位や適切な対応を先手先手で具体的に検討している
A28: 03総務 | B28: シーン2 | C28: 4 | D28: 個別 | E28: 個別 | F28: 発災翌日6時 地震発生から約12時間後の安否集計結果が、回答数7,520名。2.5割程度が本人・家族・家屋に被害発生。業務可能者は出社・リモートを含め5割程度。 班長とは未だ連絡が取れていません。勤務可能な社員が限られる一方で、安否不明者が多数います。 あなたならどのような行動をとりますか？ 何を使用し、何を行うか具体的に記述して下さい。 ※評価対象コンピテンシー：コミュニケーション力、情報収集力、想像・先読み力 | G28: ● | H28: 1点：各組織総務厚生班への情報発信（一方向） 2点：各組織総務厚生班とコミュニケーションをとっている（双方向） 3点：班長不在の中でも班内の体制を構築した上で、各組織総務厚生班でコミュニケーションをとっている | I28: ● | J28: 1点：自ら情報収集しようとしている 2点：指示をして各組織総務厚生班から安否不明者への対応状況や被害状況などの情報収集をしている 3点：班長不在の中でも班内の体制を構築した上で、先手先手で指示をして安否不明者への対応状況や被害状況などに関して災害対策本部などで班内外から情報収集している | M28: ● | N28: 1点：安否集計結果を元に次に起こる事を想定しようとしている 2点：安否集計結果を元に次に起こる事や自班やサービスへの影響を具体的に想像している 3点：安否集計結果を元に事態が改善や悪化することを先読みしながら自班やサービスへの影響を具体的に想像している
A29: 03総務 | B29: シーン2 | C29: 5 | D29: 個別 | E29: 個別 | F29: 発災翌日9時 自班のTeamsチャットで、首都圏内のNTTドコモビジネスオフィスビルのエントランス等へ一般の避難者が入り、ビルに留まっているとの情報が多く寄せられています。各ビルとも空調は稼働しているが、室温、照明等は省力稼働となっています。 あなたはどのような対応を計画しますか？ ※評価対象コンピテンシー：情報収集力、想像・先読み力、計画力 | I29: ● | J29: 1点：自ら情報収集しようとしている 2点：指示をして首都圏内のNTTドコモビジネスオフィスビルの状況の情報収集をしている 3点：避難者の心理面も含めて、今後の対応に必要な情報を先手先手で指示をして、災害対策本部など班内外から情報収集している | M29: ● | N29: 1点：次に起こる事を想定しようとしている 2点：次に起こる事を想定しつつ、必要な行動を具体的に検討している 3点：災害対応の全体プロセスを見据えて、次に起こる事を想定しつつ、必要な行動を具体的に検討している | O29: ● | P29: 1点：班内でできる対応を計画している 2点：班活動に必要な計画を立てている 3点：今後の状況を改善や悪化、現状維持など複数のシナリオを念頭に置きながら、具体的な計画を立てている
A30: 03総務 | B30: シーン2 | C30: 6 | D30: 個別 | E30: 個別 | F30: 発災翌日12時 自班のTeamsチャットへ情報が寄せられました。 ・NTTドコモビジネスオフィスビルでは、災対備蓄品を利用した食事を提供 ・自家発電の稼働によって、各ビル設備はほぼ通常運用中 ・首都圏以外の社員・パートナー社員の被災はほぼ無く、ほとんどが業務可能 ・首都圏へ出張中の社員の一部が帰宅出来ていない あなたならどのような行動をとりますか？ 何を使用し、何を行うか具体的に記述して下さい。 ※評価対象コンピテンシー：コミュニケーション力、想像・先読み力、計画力 | G30: ● | H30: 1点：各組織総務厚生班や帰宅困難社員の所属組織と連絡をとろうとしている 2点：各組織総務厚生班や帰宅困難社員の所属組織と双方向でコミュニケーションをとっている 3点：各組織総務厚生班や帰宅困難社員の所属組織と双方向でコミュニケーションをとることに加え、班長不在の中でも班内の体制を構築した上で、全社情報共有会議での報告や危機管理DBへの投入など、班外へも情報を共有し、コミュニケーションの活性化を行う | M30: ● | N30: 1点：次に起こる事を想定しようとしている 2点：次に起こる事を想定しつつ、必要な行動を具体的に検討している 3点：食事提供や帰宅困難社員に対して、災害対応の全体プロセスを見据えて、次に起こる事を想定しつつ、必要な行動を具体的に検討している | O30: ● | P30: 1点：班内でできる対応を計画している 2点：食事提供や帰宅困難社員に対応の計画を立てている 3点：今後の状況を改善や悪化、現状維持など複数のシナリオを念頭に置きながら、食事提供や帰宅困難社員対応の具体的な計画を立てている
A31: 03総務 | B31: シーン2 | C31: 7 | D31: 共通11 | E31: 共通 | F31: 発災翌日15時 班長と連絡が取れました。 あなたならどのような行動をとりますか？ 何を使用し、何を行うか具体的に記述して下さい。 ※評価対象コンピテンシー：コミュニケーション力 | G31: ● | H31: 1点：班長への情報提供（一方向） 2点：班長へのこれまでの対応事項や課題感に関するコミュニケーションをとっている（双方向） 3点：班長と双方向とのコミュニケーションに加えて、全社情報共有会議での報告や危機管理DBへの投入など、班外へも情報を共有し、コミュニケーションの活性化を行う
A32: 04サービス | B32: シーン2 | C32: 1 | D32: 共通09 | E32: 共通 | F32: 発災当日20時 引き続き、ネットは繋がるが、携帯電話は輻輳中で繋がりにくい状況です。班員とは連絡がとれましたが、班長と連絡が取れません。 あなたならどのような行動をとりますか？ 何を使用し、何を行うか具体的に記述して下さい。 ※評価対象コンピテンシー：コミュニケーション力、情報収集力 | G32: ● | H32: 1点：班員への情報発信（一方向） 2点：自班内でコミュニケーションをとろうとしている（双方向） 3点：班長代理や副班長を中心とした体制を構築した上で、班間、班内でコミュニケーションをとろうとしている | I32: ● | J32: 1点：班長への連絡を試みている、班員から情報を収集している 2点：SNS等を含めて複数の手段を活用して班長への連絡を試みている 現時点での班内のとりまとめに必要な情報を特定した上で班員から情報収集している 3点：班長への連絡の試みや班員からの情報収集に加えて、情報統括班への支援依頼や体制構築などを行っている
A33: 04サービス | B33: シーン2 | C33: 2 | D33: 共通10 | E33: 共通 | F33: 発災当日21時 西日本初動本部より、22時から全社情報共有の会議を実施する連絡が入りました。班長不在の中、会議開始までの1時間で班としてやるべきことを検討して下さい。 ※評価対象コンピテンシー：コミュニケーション力、計画力 | G33: ● | H33: 1点：班員への情報発信（一方向） 2点：班長と連絡をとり続けるとともに、全社情報共有の会議参加に向けて、自班内でコミュニケーションをとっている（双方向） 3点：班長と連絡をとり続けるとともに、班長代理や副班長を中心とした体制を構築した上で、班間、班内でコミュニケーションをとる準備をしている | O33: ● | P33: 1点：全社情報共有の会議への参加に向けた準備を計画している 2点：全社情報共有の会議へ班の代表として参加するための準備を計画をしている 3点：全社情報共有の会議で班の代表として参加するための準備を具体的に計画をしている ※班長代理の擁立、班の体制構築、収集情報のまとめ、班行動の計画、班間連携の計画
A34: 04サービス | B34: シーン2 | C34: 3 | D34: 個別 | E34: 個別 | F34: 発災当日21時 ドコモ代理サービスに影響が出ているらしいとサービス主管部門（5GIoTの担当者）からTeamsチャットで報告を受けました。 あなたならどのような行動をとりますか？ 何を使用し、何を行うか具体的に記述して下さい。 ※評価対象コンピテンシー：コミュニケーション力、情報収集力 | G34: ● | H34: 1点：サービス主管部門と連絡をとうろうとしている（情報収集） 2点：サービス主管部門とのコミュニケーション窓口となって情報をコントロールしている 3点：サービス主管部門とのコミュニケーション窓口となり班間の情報をコントロールし、当該代理サービス並びに代理サービスの影響については、ドコモ側の緊急体制Lv1/Lv2会議の開催状況を確認しようとしている、または情報統括班へ依頼してドコモから情報収集している | I34: ● | J34: 1点：自らサービス主管門から情報収集している 2点：指示をして班内の各サービス主幹部門から情報収集している 3点：指示をして班内の各サービス主幹部門から情報収集するとともに、当該代理サービス並びに代理サービスの影響については、ドコモ側の緊急体制Lv1/Lv2会議の開催状況を確認しようとしている、または情報統括班へ依頼してドコモから情報収集している
A35: 04サービス | B35: シーン2 | C35: 4 | D35: 個別 | E35: 個別 | F35: 発災当日21時 携帯電話サービスに影響が出ているという情報を危機管理DB「ドコモ災対」タブで確認しました。非常態勢時において携帯サービスの影響確認をどのように行いますか？ ＜危機管理DBの記載内容＞ ◆輻輳規制地域情報 ・アクセス％規制：CS10% ・SSAC規制：50% ・着CA規制（3G/LTE）：90% ・固定向け電番規制（東京、千葉、神奈川、埼玉向け）：75% ◆基地局被害状況 ・サービス中断835（東京231、千葉121、神奈川267、埼玉216） ・停電1,750（東京602、千葉289、神奈川464、埼玉395） ※評価対象コンピテンシー：情報分析力、想像・先読み力 | K35: ● | L35: 1点：危機管理DBの情報を分析して、サービス影響を把握しようとしている 2点：危機管理DBの情報を分析して、サービス影響を及ぼす可能性がある因子の特定している 3点：危機管理DBの情報を分析して、重大なサービス影響を及ぼす可能性がある因子を特定した上で、災害対策本部など、班間でのサポートを要請（注意喚起）する等の行動に活かしている | M35: ● | N35: 1点：次に起こる事を想定しようとしている 2点：次に起こる事を想定しつつ、必要な行動を具体的に検討している 3点：サービス影響の悪化や改善を想定しながら、災害対応の全体プロセスを見据えて、次に起こる事を想定しつつ、必要な行動を具体的に検討している
A36: 04サービス | B36: シーン2 | C36: 5 | D36: 個別 | E36: 個別 | F36: 発災当日22時 全社情報共有の会議にて設備班より中央第二光（新立川別～新宿別）ケーブル断情報が共有されました。 あなたならどのような行動をとりますか？ 何を使用し、何を行うか具体的に記述して下さい。 ※評価対象コンピテンシー：コミュニケーション力、情報分析力、想像・先読み力 | G36: ● | H36: 1点：設備班と連絡をとろうとしている 2点：設備班やサービス影響に関連する班内メンバと双方向でコミュニケーションをとっている 3点：班長不在の中でも班内の体制を構築した上で、サービス影響の把握や今後の対応に向けて必要な班内外との双方向コミュニケーションをとっている | K36: ● | L36: 1点：サービスへの影響を確認している 2点：サービスへの重大な影響を及ぼす可能性がある因子を特定している 3点：自班やサービスへの重大な影響を及ぼす可能性がある因子を特定した上で、災対本部など、班間でのサポートを要請（注意喚起）する等の行動を起こしている | M36: ● | N36: 1点：次に起こる事を想定しようとしている 2点：次に起こる事を想定しつつ、必要な行動を具体的に検討している 3点：サービス影響の悪化や改善を想定しながら、災害対応の全体プロセスを見据えて、次に起こる事を想定しつつ、事前対策等、必要な行動を具体的に検討している
A37: 04サービス | B37: シーン2 | C37: 6 | D37: 個別 | E37: 個別 | F37: 発災翌日12時 全社情報共有の会議で設備班から以下の情報が流れて来ました。 ・唐ヶ崎、白鬚、千葉港、一ツ橋ビル停電発生 ※一ツ橋は30分で復電 ・電力・空調設備は異常なし（エンジン運転中） あなたならどのような行動をとりますか？ 何を使用し、何を行うか具体的に記述して下さい。 ※評価対象コンピテンシー：情報分析力、想像・先読み力 | K37: ● | L37: 1点：サービスへの影響を確認している 2点：サービスへの重大な影響を及ぼす可能性がある因子（燃料切れ）を特定している 3点：自班やサービスへの重大な影響を及ぼす可能性がある因子（燃料切れ）を特定した上で、最悪の事態に対応するための行動を起こしている | M37: ● | N37: 1点：次に起こる事を想定しようとしている 2点：次に起こる事（燃料切れ）を想定しつつ、必要な行動を具体的に検討している 3点：事態の悪化（燃料切れ）を想定しながら、災害対応の全体プロセスを見据えて、対応策や事前対策等、必要な行動を具体的に検討している
A38: 04サービス | B38: シーン2 | C38: 7 | D38: 共通11 | E38: 共通 | F38: 発災翌日15時 班長と連絡が取れました。 あなたならどのような行動をとりますか？ 何を使用し、何を行うか具体的に記述して下さい。 ※評価対象コンピテンシー：コミュニケーション力 | G38: ● | H38: 1点：班長への情報提供（一方向） 2点：班長へのこれまでの対応事項や課題感に関するコミュニケーションをとっている（双方向） 3点：班長と双方向とのコミュニケーションに加えて、全社情報共有会議での報告や危機管理DBへの投入など、班外へも情報を共有し、コミュニケーションの活性化を行う
A39: 05お客様対応 | B39: シーン2 | C39: 1 | D39: 共通09 | E39: 共通 | F39: 発災当日20時 引き続き、ネットは繋がるが、携帯電話は輻輳中で繋がりにくい状況です。班員とは連絡がとれましたが、班長と連絡が取れません。 あなたならどのような行動をとりますか？ 何を使用し、何を行うか具体的に記述して下さい。 ※評価対象コンピテンシー：コミュニケーション力、情報収集力 | G39: ● | H39: 1点：班員への情報発信（一方向） 2点：自班内でコミュニケーションをとろうとしている（双方向） 3点：班長代理や副班長を中心とした体制を構築した上で、班間、班内でコミュニケーションをとろうとしている | I39: ● | J39: 1点：班長への連絡を試みている、班員から情報を収集している 2点：SNS等を含めて複数の手段を活用して班長への連絡を試みている 現時点での班内のとりまとめに必要な情報を特定した上で班員から情報収集している 3点：班長への連絡の試みや班員からの情報収集に加えて、情報統括班への支援依頼や体制構築などを行っている
A40: 05お客様対応 | B40: シーン2 | C40: 2 | D40: 共通10 | E40: 共通 | F40: 発災当日21時 西日本初動本部より、22時から全社情報共有の会議を実施する連絡が入りました。班長不在の中、会議開始までの1時間で班としてやるべきことを検討して下さい。 ※評価対象コンピテンシー：コミュニケーション力、計画力 | G40: ● | H40: 1点：班員への情報発信（一方向） 2点：班長と連絡をとり続けるとともに、全社情報共有の会議参加に向けて、自班内でコミュニケーションをとっている（双方向） 3点：班長と連絡をとり続けるとともに、班長代理や副班長を中心とした体制を構築した上で、班間、班内でコミュニケーションをとる準備をしている | O40: ● | P40: 1点：全社情報共有の会議への参加に向けた準備を計画している 2点：全社情報共有の会議へ班の代表として参加するための準備を計画をしている 3点：全社情報共有の会議で班の代表として参加するための準備を具体的に計画をしている ※班長代理の擁立、班の体制構築、収集情報のまとめ、班行動の計画、班間連携の計画
A41: 05お客様対応 | B41: シーン2 | C41: 3 | D41: 個別 | E41: 個別 | F41: 発災当日21時 「自身の所属組織は非被災地であるにも関わらず、被災直後に被災エリアに拠点を持つお客様からの問い合わせが複数発生した」との連絡が全社情報共有の会議参加の営業担当者から入ってきました。お客様対応班の事務局メンバーは不在です。 あなたならどのような行動を行いますか？ 何を使用し、何を行うか具体的に記述して下さい。 ※評価対象コンピテンシー：コミュニケーション力、情報収集力 | G41: ● | H41: ≪コミュニケーション力≫ ・求められた意見に対して自身の経験や知識をもとにアドバイス １点 ・その他の同様の問合せや依頼が来ていることも想定し、貸出物品に関する情報展開と情報収集を実施 ２点 ・貸出物品にとどまらず、潜在的なニーズも意識して情報を聞き出す・収集する行動を実施 ３点 | I41: ● | J41: ≪情報収集力≫ ・自身の判断でなんとか対応しようとする １点 ・まず記録に残す 1点 ・班内への情報展開と情報収集によって、よりよい対応に努める ２点 ・非被災地のどんなエリアからの情報か収集する 2点 ・班をまたがる情報収集、展開を行い、より効率的な活動を行う ３点 ・非被災地のお客さまの要望を把握し、広報的な情報発信を提案する 3
A42: 05お客様対応 | B42: シーン2 | C42: 4 | D42: 個別 | E42: 個別 | F42: 発災当日21時 「非被災地のお客さまから、東京エリアへの通信NGとの申告が急激に増えてきた。」との情報が全社情報共有の会議参加の営業担当者から入ってきました。設備障害の発生が疑わしい状況で、お客様対応班の事務局メンバーは不在です。 あなたならどのような行動を行いますか？ 何を使用し、何を行うか具体的に記述して下さい。 ※評価対象コンピテンシー：コミュニケーション力、情報収集力 | G42: ● | I42: ● | J42: ≪情報収集力≫ ・自身の判断でなんとか対応しようとする １点 ・まず記録に残す 1点 ・班内への情報展開と情報収集によって、よりよい対応に努める ２点 ・非被災地のどんなエリアからの情報か収集する 2点 ・班をまたがる情報収集、展開を行い、より効率的な活動を行う ３点 ・非被災地のお客さまの要望を把握し、広報的な情報発信を提案する 3点
A43: 05お客様対応 | B43: シーン2 | C43: 5 | D43: 個別 | E43: 個別 | F43: 発災翌日12時 某都市銀行の営業担当者より、個別チャットでニューヨークとの通信が不通になったとの申告が入ってきました。提供している「国際専用線」に影響が出ている可能性があります。 あなたならどのような行動を行いますか？ 何を使用し、何を行うか具体的に記述して下さい。 ※評価対象コンピテンシー：情報収集力 | I43: ● | J43: ≪情報収集力≫ ・〇〇銀行さまの情報に関する対応だけの検討であれば １点 ・速やかに関係組織、他班への共有、連絡を行い影響サービス全体を考慮していれば ２点 ・影響サービスだけに留まらず、故障が発生している要因や背景まで含めて情報収集する行動で ３点
A44: 05お客様対応 | B44: シーン2 | C44: 6 | D44: 個別 | E44: 個別 | F44: 発災翌日12時 営業担当者が、被災地の自治体から、携帯電話、タブレット、充電器を避難所に設置したいとの情報が、自班のTeams会議で報告されました。自治体からの要請についてどのように回答すべきか意見を求められています。 あなたならどのような行動を行いますか？ 何を使用し、何を行うか具体的に記述して下さい。 ※評価対象コンピテンシー：コミュニケーション力、計画力 | G44: ● | H44: ≪コミュニケーション力≫ ・求められた意見に対して自身の経験や知識をもとにアドバイス １点 ・その他の同様の問合せや依頼が来ていることも想定し、貸出物品に関する情報展開と情報収集を実施 ２点 ・貸出物品にとどまらず、潜在的なニーズも意識して情報を聞き出す・収集する行動を実施 ３点 | O44: ● | P44: ≪計画力≫ ・連絡のあった被災自治体からの要求に関わる対応を行う １点 ・その他の被災自治体にも同様の対応ができると考え行動する ２点 ・被災自治体だけでなく、その他民需（法人）への展開も視野にいれた対応を実施 ３点
A45: 05お客様対応 | B45: シーン2 | C45: 7 | D45: 共通11 | E45: 共通 | F45: 発災翌日15時 班長と連絡が取れました。 あなたならどのような行動をとりますか？ 何を使用し、何を行うか具体的に記述して下さい。 ※評価対象コンピテンシー：コミュニケーション力 | G45: ● | H45: 1点：班長への情報提供（一方向） 2点：班長へのこれまでの対応事項や課題感に関するコミュニケーションをとっている（双方向） 3点：班長と双方向とのコミュニケーションに加えて、全社情報共有会議での報告や危機管理DBへの投入など、班外へも情報を共有し、コミュニケーションの活性化を行う
A46: 06設備 | B46: シーン2 | C46: 1 | D46: 共通09 | E46: 共通 | F46: 発災当日20時 引き続き、ネットは繋がるが、携帯電話は輻輳中で繋がりにくい状況です。班員とは連絡がとれましたが、班長と連絡が取れません。 あなたならどのような行動をとりますか？ 何を使用し、何を行うか具体的に記述して下さい。 ※評価対象コンピテンシー：コミュニケーション力、情報収集力 | G46: ● | H46: 1点：班員への情報発信（一方向） 2点：自班内でコミュニケーションをとろうとしている（双方向） 3点：班長代理や副班長を中心とした体制を構築した上で、班間、班内でコミュニケーションをとろうとしている | I46: ● | J46: 1点：班長への連絡を試みている、班員から情報を収集している 2点：SNS等を含めて複数の手段を活用して班長への連絡を試みている 現時点での班内のとりまとめに必要な情報を特定した上で班員から情報収集している 3点：班長への連絡の試みや班員からの情報収集に加えて、情報統括班への支援依頼や体制構築などを行っている
A47: 06設備 | B47: シーン2 | C47: 2 | D47: 共通10 | E47: 共通 | F47: 発災当日21時 西日本初動本部より、22時から全社情報共有の会議を実施する連絡が入りました。班長不在の中、会議開始までの1時間で班としてやるべきことを検討して下さい。 ※評価対象コンピテンシー：コミュニケーション力、計画力 | G47: ● | H47: 1点：班員への情報発信（一方向） 2点：班長と連絡をとり続けるとともに、全社情報共有の会議参加に向けて、自班内でコミュニケーションをとっている（双方向） 3点：班長と連絡をとり続けるとともに、班長代理や副班長を中心とした体制を構築した上で、班間、班内でコミュニケーションをとる準備をしている | O47: ● | P47: 1点：全社情報共有の会議への参加に向けた準備を計画している 2点：全社情報共有の会議へ班の代表として参加するための準備を計画をしている 3点：全社情報共有の会議で班の代表として参加するための準備を具体的に計画をしている ※班長代理の擁立、班の体制構築、収集情報のまとめ、班行動の計画、班間連携の計画
A48: 06設備 | B48: シーン2 | C48: 3 | D48: 個別 | E48: 個別 | F48: 発災当日21時 停電状況が確認できた時点で、誰にどのような指示を出しますか？ 何を使用し、何を行うか具体的に記述して下さい。 ※評価対象コンピテンシー：コミュニケーション力、計画力 | G48: ● | H48: 1点：委託先（NTT-AE社）と連絡をとろうとしている 2点：対応策の検討に向けて、委託先（NTT-AE社）や班内メンバと双方向でコミュニケーションをとっている 3点：班長不在の中でも班内の体制を構築した上で、具体的な対応策の検討に向けて、委託先（NTT-AE社）や班内メンバと双方向でコミュニケーションをとっている | O48: ● | P48: 1点：班内でできる対応を計画している 2点：通信サービス再開に向けた計画を具体的に計画している 3点：今後の状況悪化を想定しつつ、災害対応の全体像を想定しながら、通信サービス再開に向けて先手先手で対応を具体的に計画している（交通ルートの確立、燃料調達など）
A49: 06設備 | B49: シーン2 | C49: 4 | D49: 個別 | E49: 個別 | F49: 発災翌日9時 現地保守員（RA＝Route Agent）から「被災箇所の現地調査を行いたいが、現地までの移動手段がない。」との相談がありました。 あなたならどのような行動を行いますか？ 何を使用し、何を行うか具体的に記述して下さい。 ※評価対象コンピテンシー：情報収集力、計画力 | I49: ● | J49: 1点：自ら情報収集しようとしている 2点：指示をして移動手段確保の情報収集をしている 3点：班の代表として、移動手段や遠隔対応を含めた今後の対応に向け、班内外や委託先から情報収集している | O49: ● | P49: 1点：班内でできる対応を計画している 2点：班活動に必要な計画を立てている 3点：今後の状況を想定しつつ、災害対応の全体像を想定しながら、通信サービス再開に向けて先手先手で対応を具体的に計画している
A50: 06設備 | B50: シーン2 | C50: 5 | D50: 個別 | E50: 個別 | F50: 発災翌日12時 班内から「通信ビルの燃料枯渇が想定されています。」との報告がありました。 誰にどのような指示を出しますか？ ※評価対象コンピテンシー：情報収集力、想像・先読み力、計画力 | I50: ● | J50: 1点：自ら情報収集しようとしている 2点：指示をしてNTT-AE社と連携して燃料供給に必要な情報収集をしている 3点：班の代表として、燃料供給や移動電源車手配等、今後の対応に向け班内外やNTT-AE社をはじめとする委託先から情報収集している | M50: ● | N50: 1点：燃料枯渇が起きた事態を想定しようとしている 2点：燃料枯渇が長期化することを想定しつつ、今できる行動を具体的に検討している 3点：燃料枯渇が長期化することを想定しつつ、災害対応の全体プロセスを見据えて、対応策や事前対策等、必要な行動を具体的に検討している | O50: ● | P50: 1点：班内でできる対応を計画している 2点：通信サービス断の回避に向けた計画を具体的に計画している 3点：今後の状況悪化（燃料枯渇）を想定しつつ、災害対応の全体像を想定しながら、通信サービス再開に向けて先手先手で対応を具体的に計画している（調達ルートの確立、燃料調達など）
A51: 06設備 | B51: シーン2 | C51: 6 | D51: 個別 | E51: 個別 | F51: 発災翌日15時 サービス班から大量のパス迂回依頼検討がありましたが、とても対応できないボリュームの内容です。 誰にどのような指示を出しますか？ ※評価対象コンピテンシー：コミュニケーション力、情報分析力、計画力 | G51: ● | H51: 1点：サービス班と連絡をとろうとしている 2点：課題解決に向けてサービス班と双方向でコミュニケーションをとっている 3点：計画を実行するために、サービス班や委託先などと双方向でコミュニケーションをとっている | K51: ● | L51: 1点：大量のパス迂回依頼の内容を確認している 2点：大量のパス迂回依頼の内容を分析し、サービスへの重大な影響を及ぼす可能性がある因子を特定し、対応の優先順位をつけている 3点：大量のパス迂回依頼の内容を分析し、サービスへの重大な影響を及ぼす可能性がある因子を特定した、対応の優先順位をつけた上で、災対本部など班間でのサポートを要請（注意喚起）する等の行動を起こしている | O51: ● | P51: 1点：班内でできる対応を計画している 2点：優先順位を設定し、復旧に向けた対応を具体的に計画している 3点：重要回線やトラフィックボリューム、必要物資の在庫量、2ルート残（通常3ルート）などから適切に優先順位を設定の上、復旧に向けた対応を具体的に計画している
A52: 06設備 | B52: シーン2 | C52: 7 | D52: 共通11 | E52: 共通 | F52: 発災翌日15時 班長と連絡が取れました。 あなたならどのような行動をとりますか？ 何を使用し、何を行うか具体的に記述して下さい。 ※評価対象コンピテンシー：コミュニケーション力 | G52: ● | H52: 1点：班長への情報提供（一方向） 2点：班長へのこれまでの対応事項や課題感に関するコミュニケーションをとっている（双方向） 3点：班長と双方向とのコミュニケーションに加えて、全社情報共有会議での報告や危機管理DBへの投入など、班外へも情報を共有し、コミュニケーションの活性化を行う
A53: 07資材 | B53: シーン2 | C53: 1 | D53: 共通09 | E53: 共通 | F53: 発災当日20時 引き続き、ネットは繋がるが、携帯電話は輻輳中で繋がりにくい状況です。班員とは連絡がとれましたが、班長と連絡が取れません。 あなたならどのような行動をとりますか？ 何を使用し、何を行うか具体的に記述して下さい。 ※評価対象コンピテンシー：コミュニケーション力、情報収集力 | G53: ● | H53: 1点：班員への情報発信（一方向） 2点：自班内でコミュニケーションをとろうとしている（双方向） 3点：班長代理や副班長を中心とした体制を構築した上で、班間、班内でコミュニケーションをとろうとしている | I53: ● | J53: 1点：班長への連絡を試みている、班員から情報を収集している 2点：SNS等を含めて複数の手段を活用して班長への連絡を試みている 現時点での班内のとりまとめに必要な情報を特定した上で班員から情報収集している 3点：班長への連絡の試みや班員からの情報収集に加えて、情報統括班への支援依頼や体制構築などを行っている
A54: 07資材 | B54: シーン2 | C54: 2 | D54: 共通10 | E54: 共通 | F54: 発災当日21時 西日本初動本部より、22時から全社情報共有の会議を実施する連絡が入りました。班長不在の中、会議開始までの1時間で班としてやるべきことを検討して下さい。 ※評価対象コンピテンシー：コミュニケーション力、計画力 | G54: ● | H54: 1点：班員への情報発信（一方向） 2点：班長と連絡をとり続けるとともに、全社情報共有の会議参加に向けて、自班内でコミュニケーションをとっている（双方向） 3点：班長と連絡をとり続けるとともに、班長代理や副班長を中心とした体制を構築した上で、班間、班内でコミュニケーションをとる準備をしている | O54: ● | P54: 1点：全社情報共有の会議への参加に向けた準備を計画している 2点：全社情報共有の会議へ班の代表として参加するための準備を計画をしている 3点：全社情報共有の会議で班の代表として参加するための準備を具体的に計画をしている ※班長代理の擁立、班の体制構築、収集情報のまとめ、班行動の計画、班間連携の計画
A55: 07資材 | B55: シーン2 | C55: 3 | D55: 個別 | E55: 個別 | F55: 発災当日21時 ロジスコの被災状況確認のため、ロジスコ責任者と電話やメール連絡をとっているが、通信NGで連絡がとれません。 あなたならどのような行動をとりますか？ 何を使用し、何を行うか具体的に記述して下さい。 ※評価対象コンピテンシー：コミュニケーション力、計画力 | G55: ● | H55: 1点：ロジスコ責任者と連絡をとろうとしている 2点：ロジスコ責任者に加えて、責任者以外の連絡がつく担当者とのコミュニケーションを試みている 3点：ロジスコに加えて、ドコモ等関連会社とのコミュニケーションを試みている | O55: ● | P55: 1点：班内でできる対応を計画している 2点：指示をして責任者以外との接触やロジスコ周辺の被災状況確認、ドコモ社連携など、具体的な対応を計画している 3点：指示をして責任者以外との接触やロジスコ周辺の被災状況確認、ドコモ社連携などに加えて、危機管理DBで状況を共有する計画を立てている
A56: 07資材 | B56: シーン2 | C56: 4 | D56: 個別 | E56: 個別 | F56: 発災翌日9時 NTTドコモビジネスと取引のある主要メーカ・サプライヤの被災状況を把握したいです。 あなたならどのような行動をとりますか？ 何を使用し、何を行うか具体的に記述して下さい。 ※評価対象コンピテンシー：コミュニケーション力、情報収集力 | G56: ● | H56: 1点：主要メーカ・サプライヤと連絡をとろうとしている 2点：班内で役割分担をして、主要メーカ・サプライヤとのコミュニケーションを試みている 3点：現地の被災状況を考慮して、過度な催促を避けるなど相手への配慮を意識しつつ、班内で役割分担をして、主要メーカ・サプライヤとのコミュニケーションを試みている | I56: ● | J56: 1点：自ら情報収集しようとしている 2点：指示をして主要メーカ・サプライヤの被災状況を情報収集している 3点：連絡がつかない場合は持ち株会社やNTTグループ会社などからの情報提供を依頼している
A57: 07資材 | B57: シーン2 | C57: 5 | D57: 個別 | E57: 個別 | F57: 発災翌日12時 以下ような緊急連絡が混在しています。 ・A部「被災地の応急復旧部材をすぐに手配したい」 ・B部「非被災地のSO部材の確保は問題ないか」 ・サプライヤC「倉庫が被災し、すぐに発送できる状況ではない」 ・サプライヤD「メーカから納期が不透明との情報が入った」 必要な部材を現場へ適切に供給するために、追加で誰とどのようなやり取りが必要かをまとめて下さい。 ※評価対象コンピテンシー：情報分析力、計画力 | K57: ● | L57: 1点：下記の観点が１つ含まれている 2点：下記の観点が2以上含まれているが、内容が不十分 3点：下記の観点が3つ以上含まれており解答例に近い、もしくは災害等対策規程を理解して記載されている ＜情報分析観点＞ 1. 社内・拠点在庫の即時可用性 倉庫・支社・他エリア在庫の所在と数量「今すぐ動かせるか」が最重要 2. サプライヤの被災状況と出荷可否 生産停止・倉庫被災・人員不足の有無、納期情報の信頼度 3. 代替調達ルートの有無 グループ内融通、他社・緊急契約の可能性、規程上の即応調達が可能か？ （翌日は「届くか」2日後以降は「発注できるか」を基準に判断） 4. 輸送ルート・手段の有無 部材の通常輸送手段の利用可否の確認と分析、利用不可時の代替ルートならびに手段の確認と分析 ＜災害等対策規程＞ （災害対策用資機材の輸送） 第３３条 災害等が発生し、又は発生するおそれがある場合において、災害対策用機器、資材及び物資等の輸送を円滑に行うため、あらかじめ、輸送ルート、確保すべき車両、船舶、ヘリコプタ等の種類及び数量等に関する輸送計画を定めておくとともに、第２８条（社外機関との連携体制等の構築）２号及び３号 に基づく、社外機関等の応援又は協力も含めた輸送力の確保に努める。 ２ 災害対策用資機材等の仮置場及び臨時ヘリポート等について、非常事態下の借用交渉の難航が予想されるため、あらかじめ公共用地等の候補地について、地方防災会議等の協力を得て、非常事態下の用地確保の円滑化を図る。_x000B_（広域災害等時における応援計画の作成） 第３６条 危機管理室は、関連組織及び社外機関等との協調、協力により、大都市或いは広範囲な地域において、甚大かつ広域な災害等が発生した場合（被災規模想定による）に、グループ会社等の稼働を含めた全国からの動員、災害対策用機器、復旧資材及び物資等の集結等を図り、災害等応急復旧及び 災害等復旧を迅速、かつ効果的に行うことができるように、次の事項について整備し、維持を図る。 (１) 要員数及び資材、物資等の所要量 (２) 災害対策用機器の機種及び所要量 (３) 要員、資機材の所要量確保と輸送方法及び経路 (４) 応援者等の復旧拠点の構築及び運営 (５) 応援要請を行う場合或いは受ける場合の具体的方法 | O57: ● | P57: 1点：班内でできる対応を計画している 2点：下記の観点が3つ含まれているが内容が不十分な計画を立てている 3点：下記の観点が3つ以上含まれており、内容も十分に記載されている ①いつまでに、どの部材が、どれくらい必要か？（要求分析） 問題文中A,Bから要求分析 ②通常の調達先からの調達可能な数量の把握（現状分析） 問題文中C,D、社内・拠点（情報分析観点2）から現状分析 ③復旧見込みと代替検討（供給量の算定） 問題文中C,D、社内・拠点（情報分析観点1,3）から供給量の算定 ④輸送手段の検討（輸送可否の分析） 問題文中A,B、社内・拠点（情報分析観点1,3,4）から輸送先の確認と分析
A58: 07資材 | B58: シーン2 | C58: 6 | D58: 個別 | E58: 個別 | F58: 発災翌日15時 総務厚生班から水食糧の物資調達について輸送手段がない旨がTeamsチャットで相談がありました。 今後の体制に向け、あなたならどうしますか？ 何を使用し、何を行うか具体的に記述して下さい。 ※評価対象コンピテンシー：情報収集力、想像・先読み力、計画力 | I58: ● | J58: 1点：自ら情報収集しようとしている 2点：指示をして班内外から水食糧の物資調達に必要な情報収集を行っている 3点：水食糧の物資調達に向けて、社内にとどまらずNTTグループ連携も含めて対応可能か情報収集を行っている | M58: ● | N58: 1点：次に起こる事を想定しようとしている 2点：次に起こる事を想定しつつ、必要な行動（代替手段の想定）を具体的に指示、検討している 3点：食糧不足の状況や代替手段の想定しながら、現状や今後の影響を社内に報告しようとしている | O58: ● | P58: 1点：班内でできる対応を計画している 2点：水食糧が不足する部門や社内影響を考慮して、社内でできる対応の計画を立てている 3点：今後の状況想定に基づいて、社内にとどまらずNTTグループ連携も含めた具体的な対応計画を立てている
A59: 07資材 | B59: シーン2 | C59: 7 | D59: 共通11 | E59: 共通 | F59: 発災翌日15時 班長と連絡が取れました。 あなたならどのような行動をとりますか？ 何を使用し、何を行うか具体的に記述して下さい。 ※評価対象コンピテンシー：コミュニケーション力 | G59: ● | H59: 1点：班長への情報提供（一方向） 2点：班長へのこれまでの対応事項や課題感に関するコミュニケーションをとっている（双方向） 3点：班長と双方向とのコミュニケーションに加えて、全社情報共有会議での報告や危機管理DBへの投入など、班外へも情報を共有し、コミュニケーションの活性化を行う
A60: 08セキュリティ | B60: シーン2 | C60: 1 | D60: 共通09 | E60: 共通 | F60: 発災当日20時 引き続き、ネットは繋がるが、携帯電話は輻輳中で繋がりにくい状況です。班員とは連絡がとれましたが、班長と連絡が取れません。 あなたならどのような行動をとりますか？ 何を使用し、何を行うか具体的に記述して下さい。 ※評価対象コンピテンシー：コミュニケーション力、情報収集力 | G60: ● | H60: 1点：班員への情報発信（一方向） 2点：自班内でコミュニケーションをとろうとしている（双方向） 3点：班長代理や副班長を中心とした体制を構築した上で、班間、班内でコミュニケーションをとろうとしている | I60: ● | J60: 1点：班長への連絡を試みている、班員から情報を収集している 2点：SNS等を含めて複数の手段を活用して班長への連絡を試みている 現時点での班内のとりまとめに必要な情報を特定した上で班員から情報収集している 3点：班長への連絡の試みや班員からの情報収集に加えて、情報統括班への支援依頼や体制構築などを行っている
A61: 08セキュリティ | B61: シーン2 | C61: 2 | D61: 共通10 | E61: 共通 | F61: 発災当日21時 西日本初動本部より、22時から全社情報共有の会議を実施する連絡が入りました。班長不在の中、会議開始までの1時間で班としてやるべきことを検討して下さい。 ※評価対象コンピテンシー：コミュニケーション力、計画力 | G61: ● | H61: 1点：班員への情報発信（一方向） 2点：班長と連絡をとり続けるとともに、全社情報共有の会議参加に向けて、自班内でコミュニケーションをとっている（双方向） 3点：班長と連絡をとり続けるとともに、班長代理や副班長を中心とした体制を構築した上で、班間、班内でコミュニケーションをとる準備をしている | O61: ● | P61: 1点：全社情報共有の会議への参加に向けた準備を計画している 2点：全社情報共有の会議へ班の代表として参加するための準備を計画をしている 3点：全社情報共有の会議で班の代表として参加するための準備を具体的に計画をしている ※班長代理の擁立、班の体制構築、収集情報のまとめ、班行動の計画、班間連携の計画
A62: 08セキュリティ | B62: シーン2 | C62: 3 | D62: 個別 | E62: 個別 | F62: 発災当日21時 数名の社員より、地震の混乱に乗じた不審メールを受信した旨の発言が全社情報共有の会議で共有されました。 あなたならどのような行動をとりますか？ 何を使用し、何を行うか具体的に記述して下さい。 ※評価対象コンピテンシー：情報収集力、計画力 | I62: ● | J62: 1点：自ら情報収集しようとしている 2点：指示をして班内で類似情報の収集を行っている 3点：全社周知を行い、類似情報の収集を行っている | O62: ● | P62: 1点：班内でできる対応を計画している 2点：収集情報や類似事象の発生の可能性を踏まえた上での対応を計画している 3点：収集情報や類似事象の発生の可能性を踏まえた上での対応を計画すると共に、災害対策本部などで注意喚起の行動を起こしている
A63: 08セキュリティ | B63: シーン2 | C63: 4 | D63: 個別 | E63: 個別 | F63: 発災当日22時 M&S部より、地震によりISMPがシステム停止したとの連絡がありました。復旧するまでに一週間以上かかる見込みとのことです。 あなたならどのような行動をとりますか？ 何を使用し、何を行うか具体的に記述して下さい。 ※評価対象コンピテンシー：想像・先読み力、計画力 | M63: ● | N63: 1点：サービス影響や業務影響の発生を想像しようとしている 2点：サービス影響や業務影響の発生を想像しつつ、必要な行動を具体的に検討している 3点：サービス影響や業務影響の代替手段による復旧、改善を想定しながら、災害対応の全体プロセスを見据えながら、事前対策等や必要な行動を具体的に検討している | O63: ● | P63: 1点：班内でできる対応を計画している 2点：収集情報や今後の展開を想像した上で代替手段などの対応を計画している 3点：収集情報や類似事象の発生の可能性を踏まえた上で代替手段の対応を計画するとともに、災害対策本部会議の場などで班間連携をとった行動を起こしている
A64: 08セキュリティ | B64: シーン2 | C64: 5 | D64: 個別 | E64: 個別 | F64: 発災翌日12時 持株会社より、「国内のNTTグループ会社において、震災の混乱を利用した、サービス公式HPに対するDDoS攻撃が複数発生中」との連絡が入りました。 あなたならどのような行動をとりますか？ 何を使用し、何を行うか具体的に記述して下さい。 ※評価対象コンピテンシー：計画力 | O64: ● | P64: 1点：DDoS攻撃に対する初動対応（事実確認）を計画している 2点：DDoS攻撃に対する初動対応（事実確認）を早期に実施するとともに、DDoS攻撃に対する対応を計画している 3点：DDoS攻撃に対する初動対応（事実確認）対応を早期に実施するとともに、類似事象や影響を調査と、社外向けの対応を意識した上で、DDoS攻撃への対応を計画している
A65: 08セキュリティ | B65: シーン2 | C65: 6 | D65: 個別 | E65: 個別 | F65: 発災翌日12時 社員から震災の避難時に会社PC（又はセキュアモバイル対応の会社スマートフォン）を紛失したとの連絡が入りました。 あなたならどのような行動をとりますか？ 何を使用し、何を行うか具体的に記述して下さい。 ※評価対象コンピテンシー：情報収集力、想像・先読み力、計画力 | I65: ● | J65: 1点：自ら紛失状況や該当データの確認しようとしている 2点：班内で事実確認できる体制を整え、早期に情報収集を行っている 3点：班内で事実確認できる体制を整え、PC等以外の紛失有無やPCの場合は紛失時～ワイプ処理までの利用履歴を情報収集している | M65: ● | N65: 1点：次に起こる事を想定しようとしている 2点：次に起こる事を想定しつつ、必要な行動を計画している 3点：紛失後の影響や事態を想定しながら、事態の収束までの全体プロセスを見据えて、次に起こる事を想定しつつ、必要な行動やや予防策を具体的に計画している | O65: ● | P65: 1点：初動対応（事実確認）を計画している 2点：班内で役割分担をした上で、初動対応（事実確認）や紛失対応を計画している 3点：班内で役割分担をした上で、初動対応（事実確認）や紛失対応に加えて、災害対策本部などでの注意喚起など再発防止の行動を起こしている
A66: 08セキュリティ | B66: シーン2 | C66: 7 | D66: 共通11 | E66: 共通 | F66: 発災翌日15時 班長と連絡が取れました。 あなたならどのような行動をとりますか？ 何を使用し、何を行うか具体的に記述して下さい。 ※評価対象コンピテンシー：コミュニケーション力 | G66: ● | H66: 1点：班長への情報提供（一方向） 2点：班長へのこれまでの対応事項や課題感に関するコミュニケーションをとっている（双方向） 3点：班長と双方向とのコミュニケーションに加えて、全社情報共有会議での報告や危機管理DBへの投入など、班外へも情報を共有し、コミュニケーションの活性化を行う
A67: 09社内システム | B67: シーン2 | C67: 1 | D67: 共通09 | E67: 共通 | F67: 発災当日20時 引き続き、ネットは繋がるが、携帯電話は輻輳中で繋がりにくい状況です。班員とは連絡がとれましたが、班長と連絡が取れません。 あなたならどのような行動をとりますか？ 何を使用し、何を行うか具体的に記述して下さい。 ※評価対象コンピテンシー：コミュニケーション力、情報収集力 | G67: ● | H67: 1点：班員への情報発信（一方向） 2点：自班内でコミュニケーションをとろうとしている（双方向） 3点：班長代理や副班長を中心とした体制を構築した上で、班間、班内でコミュニケーションをとろうとしている | I67: ● | J67: 1点：班長への連絡を試みている、班員から情報を収集している 2点：SNS等を含めて複数の手段を活用して班長への連絡を試みている 現時点での班内のとりまとめに必要な情報を特定した上で班員から情報収集している 3点：班長への連絡の試みや班員からの情報収集に加えて、情報統括班への支援依頼や体制構築などを行っている
A68: 09社内システム | B68: シーン2 | C68: 2 | D68: 共通10 | E68: 共通 | F68: 発災当日21時 西日本初動本部より、22時から全社情報共有の会議を実施する連絡が入りました。班長不在の中、会議開始までの1時間で班としてやるべきことを検討して下さい。 ※評価対象コンピテンシー：コミュニケーション力、計画力 | G68: ● | H68: 1点：班員への情報発信（一方向） 2点：班長と連絡をとり続けるとともに、全社情報共有の会議参加に向けて、自班内でコミュニケーションをとっている（双方向） 3点：班長と連絡をとり続けるとともに、班長代理や副班長を中心とした体制を構築した上で、班間、班内でコミュニケーションをとる準備をしている | O68: ● | P68: 1点：全社情報共有の会議への参加に向けた準備を計画している 2点：全社情報共有の会議へ班の代表として参加するための準備を計画をしている 3点：全社情報共有の会議で班の代表として参加するための準備を具体的に計画をしている ※班長代理の擁立、班の体制構築、収集情報のまとめ、班行動の計画、班間連携の計画
A69: 09社内システム | B69: シーン2 | C69: 3 | D69: 個別 | E69: 個別 | F69: 発災当日22時 中央第二光（新立川別～新宿別）ケーブル断に伴う、影響回線リストが全社情報共有の会議で共有されました。 あなたならどのような行動をとりますか？ 何を使用し、何を行うか具体的に記述して下さい。 ※評価対象コンピテンシー：情報収集力、情報分析力 | I69: ● | J69: ≪情報収集力≫ ・なんとか自分自身で情報収集（断が影響にHitするか）を行う行動 １点 ・身近で活動可能な班内メンバを統制して行動に移す ２点 活動可能なメンバを把握して、役割分担を提案している ・班間でのサポートを影響周知、早期復旧要請する等の行動を起こす ３点 | K69: ● | L69: ≪情報分析力≫ ※システムが壊れているので、回線は直すしかないよね。 ・なんとか自分自身で情報分析を行う行動 １点 ・社内システムへの影響把握 1点 ・班内メンバを通して事実の確認を行う ２点 活動可能なメンバを把握して、役割分担を提案している ・社内システムへの影響把握＋業務影響度の把握 2点 ・災対本部など、班間でのサポートを要請（注意喚起）する等の行動を起こす ３点 ・社内システムへの影響把握＋業務影響度の把握＋復旧優先順位の把握 3点
A70: 09社内システム | B70: シーン2 | C70: 4 | D70: 個別 | E70: 個別 | F70: 発災当日21時 唐ヶ崎、白鬚、千葉港、TRC、一ツ橋ビル停電発生。電力・空調設備は異常なし（エンジン運転中）と、全社情報共有の会議で共有されました。 あなたならどのような行動をとりますか？ 何を使用し、何を行うか具体的に記述して下さい。 ※評価対象コンピテンシー：情報収集力、計画力 | I70: ● | J70: ≪情報収集力≫ ・発生している設備影響を自班内へ展開 １点 ・設備影響から想定される直接的なサービス影響と、社内への影響を確認・情報収集と、自班内への展開 ２点 ・設備影響から派生する、間接的なサービス影響や、社内への影響、その他影響を想像して行動に移せる 3点 （中継NWの片系状態や、信頼性の低下 等） | O70: ● | P70: ≪計画力≫ ※これ計画力？難しい。 ・自分自身でできる対応を検討する記載 １点 ・周囲の班員でできる対応を検討する記載 ２点 ・既存ルールの有無に限らず柔軟に他組織への協力依頼を行い、対応を計画する記載があれば ３点
A71: 09社内システム | B71: シーン2 | C71: 5 | D71: 個別 | E71: 個別 | F71: 発災当日21時 担当しているシステムが稼働しているクラウド基盤に接続できないという事象が確認できており、復旧のめどはたっていない状況です。 あなたならどのような行動をとりますか？ 何を使用し、何を行うか具体的に記述して下さい。 ※評価対象コンピテンシー：情報収集力、計画力 | I71: ● | J71: ≪情報収集力≫ ・発生している設備影響を自班内へ展開 １点 ・設備影響から想定される直接的なサービス影響と、社内への影響を確認・情報収集と、自班内への展開 ２点 ・設備影響から派生する、間接的なサービス影響や、社内への影響、その他影響を想像して行動に移せる 3点 | O71: ● | P71: ≪計画力≫ ・班内に閉じシステム復旧だけに固執した行動 1点 ・社内影響、システム利用部門を考慮した行動。班内に閉じた復旧対応 2点 ・レベル2＋お客さま影響を考慮した行動。復旧に向けてや代替え対応など他班へお願いすべき事項の整理と他班への共有。3点
A72: 09社内システム | B72: シーン2 | C72: 6 | D72: 個別 | E72: 個別 | F72: 発災翌日9時 担当しているシステムが稼働しているクラウド基盤に接続できないという事象が復旧しました。 あなたならどのような行動をとりますか？ 何を使用し、何を行うか具体的に記述して下さい。 ※評価対象コンピテンシー：計画力 | O72: ● | P72: ≪計画力≫ ・自分自身でできる対応を検討する記載 １点 ・周囲の班員でできる対応を検討する記載 ２点 ・既存ルールの有無に限らず柔軟に他組織への協力依頼を行い、対応を計画する記載があれば ３点 メモ 3点としては、どこになんの情報を周知するかの観点が必要（お客様目線も必須）
A73: 09社内システム | B73: シーン2 | C73: 7 | D73: 共通11 | E73: 共通 | F73: 発災翌日15時 班長と連絡が取れました。 あなたならどのような行動をとりますか？ 何を使用し、何を行うか具体的に記述して下さい。 ※評価対象コンピテンシー：コミュニケーション力 | G73: ● | H73: 1点：班長への情報提供（一方向） 2点：班長へのこれまでの対応事項や課題感に関するコミュニケーションをとっている（双方向） 3点：班長と双方向とのコミュニケーションに加えて、全社情報共有会議での報告や危機管理DBへの投入など、班外へも情報を共有し、コミュニケーションの活性化を行う
A74: 10情報統括 | B74: シーン2 | C74: 1 | D74: 共通09 | E74: 共通 | F74: 発災当日20時 引き続き、ネットは繋がるが、携帯電話は輻輳中で繋がりにくい状況です。班員とは連絡がとれましたが、班長と連絡が取れません。 あなたならどのような行動をとりますか？ 何を使用し、何を行うか具体的に記述して下さい。 ※評価対象コンピテンシー：コミュニケーション力、情報収集力 | G74: ● | H74: 1点：班員への情報発信（一方向） 2点：自班内でコミュニケーションをとろうとしている（双方向） 3点：班長代理や副班長を中心とした体制を構築した上で、班間、班内でコミュニケーションをとろうとしている | I74: ● | J74: 1点：班長への連絡を試みている、班員から情報を収集している 2点：SNS等を含めて複数の手段を活用して班長への連絡を試みている 現時点での班内のとりまとめに必要な情報を特定した上で班員から情報収集している 3点：班長への連絡の試みや班員からの情報収集に加えて、情報統括班への支援依頼や体制構築などを行っている
A75: 10情報統括 | B75: シーン2 | C75: 2 | D75: 共通10 | E75: 共通 | F75: 発災当日21時 西日本初動本部より、22時から全社情報共有の会議を実施する連絡が入りました。班長不在の中、会議開始までの1時間で班としてやるべきことを検討して下さい。 ※評価対象コンピテンシー：コミュニケーション力、計画力 | G75: ● | H75: 1点：班員への情報発信（一方向） 2点：班長と連絡をとり続けるとともに、全社情報共有の会議参加に向けて、自班内でコミュニケーションをとっている（双方向） 3点：班長と連絡をとり続けるとともに、班長代理や副班長を中心とした体制を構築した上で、班間、班内でコミュニケーションをとる準備をしている | O75: ● | P75: 1点：全社情報共有の会議への参加に向けた準備を計画している 2点：全社情報共有の会議へ班の代表として参加するための準備を計画をしている 3点：全社情報共有の会議で班の代表として参加するための準備を具体的に計画をしている ※班長代理の擁立、班の体制構築、収集情報のまとめ、班行動の計画、班間連携の計画
A76: 10情報統括 | B76: シーン2 | C76: 3 | D76: 個別 | E76: 個別 | F76: 発災当日23時 総務省から被害状況の報告依頼が来ている旨が全社情報共有の会議で報告されました。全社情報共有の会議後に、西日本初動本部からどのように対応すべきか危機管理室へ相談がありました。 あなたならどのように対応しますか？ ※評価対象コンピテンシー：コミュニケーション力、情報収集力 | G76: ● | H76: 1点：西日本初動本部と連絡をとろうとしている 2点：課題解決に向けて西日本初動本部と双方向でコミュニケーションをとっている 3点：西日本初動本部が総務省報告（Daas-Netの活用等）ができるように、双方向でコミュニケーションをとりながら課題を解決している →西日本初動本部が総務省報告できるようにコミュニケーションをとっている 3点 | I76: ● | J76: 1点：自ら状況を確認しようとしている 2点：班内で体制を整え、西日本初動本部の対応可否や総務省報告に必要な情報収集を行っている 3点：班内で状況を確認できる体制を整え、西日本初動本部の対応可否や総務省報告に向けて設備影響、サービス影響、社員安否状況、ドコモグループ被災状況などの情報収集を行っている →解答はサービス影響のみの確認となっているので、2点？ ※3点基準の設備影響、社員安否状況、ドコモグループ被災状況は必須事項か？
A77: 10情報統括 | B77: シーン2 | C77: 4 | D77: 個別 | E77: 個別 | F77: 発災当日23時 このまま在宅勤務を続けると、会社PCや会社スマートフォンのバッテリーがなくなりそうです。 西日本初動本部から引継ぎを受けて情報統括班を立上げられるよう、いつまでにどのような準備をしますか？ ※評価対象コンピテンシー：想像・先読み力、計画力 | M77: ● | N77: 1点：次に起こる事を想定しようとしている 2点：次に起こる事を想定しつつ、今からできる対策を計画している 3点：バッテリー切れにより生じる影響を想定しながら、情報統括班を立上げるまでに必要な対応事項を具体的に計画している →バッテリー切れにより生じる影響を想定し、情報統括班を立上げるまでに必要な対応事項を想定している 3点 | O77: ● | P77: 1点：バッテリー不足の中での業務継続に向けた対応を計画している 2点：バッテリー不足の中でも情報統括班を立上げられるよう、本社（大手町プレイス）や駆付拠点に向かう計画を立てている 3点：バッテリー不足の中でも情報統括班を立上げられるよう、本社（大手町プレイス）や駆付拠点に向かうために具体的な計画を立てている（移動手段、移動時間、必要備品準備、移動ルートの確認、ルート選定など） →本社（大手町プレイス）や駆付拠点に向かうために綿密な計画を立てている 3点 ・移動可能な手段の調査（移動に要する時間や利用可否）を開始し、長時間の移動の可能性もあるため、ある程度の食料や通信機器を所持 ・安全な移動ルートの確認
A78: 10情報統括 | B78: シーン2 | C78: 5 | D78: 個別 | E78: 個別 | F78: 発災翌日6時 大手町プレイスへ移動することにしました。 西日本初動本部へ移動前に何を報告しますか？ ※評価対象コンピテンシー：想像・先読み力、計画力 | M78: ● | N78: 1点：移動中に起こる事を想定しようとしている 2点：移動中に起こる事を想定した内容を行動に結び付けている 3点：移動中のリスクを想定した上で、リスク回避の具体的な計画を報告している →移動中に起こることの想定として「バッテリーを気にしている」1点 ただし、「何を報告しますか？」なので、そもそも想像・先読み力の発揮は難しい | O78: ● | P78: 1点：移動の計画を立て報告している 2点：予定到着時間や移動中の定期報告など、移動の計画を具体的に立てて報告している 3点：想像・先読みした内容を踏まえて、予定到着時間や移動中の定期報告など、移動の計画を具体的に立てて報告している →予定到着時間や移動中の定期報告など、項目は満たしているが、計画の具体性が小さいので2点（例：移動手段＝徒歩、自転車・・・）
A79: 10情報統括 | B79: シーン2 | C79: 6 | D79: 個別 | E79: 個別 | F79: 発災翌日7時 大手町プレイスへ自転車で移動中です。 あたりは真っ暗できれいな星空です。遠くでは空がオレンジに光っています。 西日本初動本部へ何を報告しますか？ ※評価対象コンピテンシー：コミュニケーション力、情報分析力 | G79: ● | H79: 1点：西日本初動本部と連絡をとろうとしている 2点：西日本初動本部へ状況を分かりやすく伝えている 3点：西日本初動本部へ状況を分かりやすく伝えるために工夫（齟齬が出にくい表現や写真、映像など）している →分かりやすく伝えている2点 何を報告しますか？なので、コミュニケーションを意識しにくい、「西日本初動本部とどのようなやりとりをしますか？」のように改善が必要？ | K79: ● | L79: 1点：火災について分析している 2点：火災の方角や距離、規模を想定し、移動の安全性やサービスへの重大な影響を及ぼす可能性を分析している 3点：火災の方角や距離、規模を想定し、移動の安全性やサービスへの重大な影響を及ぼす可能性を分析した上で、報告と注意喚起を行う →オレンジ色に光っていることに言及がない 0点
A80: 10情報統括 | B80: シーン2 | C80: 7 | D80: 共通11 | E80: 共通 | F80: 発災翌日15時 班長と連絡が取れました。 あなたならどのような行動をとりますか？ 何を使用し、何を行うか具体的に記述して下さい。 ※評価対象コンピテンシー：コミュニケーション力 | G80: ● | H80: 1点：班長への情報提供（一方向） 2点：班長へのこれまでの対応事項や課題感に関するコミュニケーションをとっている（双方向） 3点：班長と双方向とのコミュニケーションに加えて、全社情報共有会議での報告や危機管理DBへの投入など、班外へも情報を共有し、コミュニケーションの活性化を行う
A81: 01本部長支援 | B81: シーン3 | C81: 1 | D81: 共通12 | E81: 共通 | F81: 発災翌日18時 西日本初動本部から東京へ引継ぎが完了しました。 翌日９時に全社の災害対策本部会議が開催されます。 あなたならどのような行動をとりますか？ 何を使用し、何を行うか具体的に記述して下さい。 ※評価対象コンピテンシー：コミュニケーション力、計画力 | G81: ● | H81: 1点：班長、班員への周知や情報収集のみ（一方向） 2点：班長、班員と災害対策本部会議参加に向けて、必要なコミュニケーションをとっている（双方向） 3点：災害対策本部会議参での円滑なコミュニケーションに向けて、災害対応状況や課題感、情報提供事項、他班から収集したい情報などについて、班長や班員と双方向のコミュニケーションをとって確認している | O81: ● | P81: 1点：災害対策本部会議参加に向けて準備をしている 2点：災害対策本部会議参加での報告事項や相談事項などのゴールを計画している 3点：災害対策本部会議参加での報告事項や相談事項などのゴール計画に対して、誰が何を準備するのかを具体的に計画する。
A82: 01本部長支援 | B82: シーン3 | C82: 2 | D82: 個別 | E82: 個別 | F82: 発災翌日18時 四役から大手町プレイスに移動して指揮を執りたいと言われています。 引き続き、高速道路、国道は一般車両通行止めになっている区間が多数あり、建物倒壊や道路、橋の被害など、安全に移動できるのかは把握できていない状況です。 あなたならどのように対応しますか？ 何を使用し、何を行うか具体的に記述して下さい。 ※評価対象コンピテンシー：情報分析力、想像・先読み、計画力 | K82: ● | L82: ≪情報分析≫ GoogoleMAP 通れるマップなどを使用して、自宅から大手町まで移動可能ルートを検索 | M82: ● | N82: ≪想像。先読み≫ 通行止め区間が発生しているようであれば、緊急車両を使用して移動手段の確保、その場合、1台しかないため、1回で行えるか、数回のピストン輸送が必要か確認 | O82: ● | P82: ≪計画力≫ 幹部を迎えに行くプランの確立 ルート、使用車両、所要時間の算出
A83: 01本部長支援 | B83: シーン3 | C83: 3 | D83: 個別 | E83: 個別 | F83: 発災3日後12時 全社情報共有の会議にて、情報統括班（危機管理室）から以下の報告がありました。 「持株会社の災害対策室よりNTTグループ各社の幹部（社長または副社長）を集めた会議を中央研修センターで対面開催したいとの要請があった」 本部長支援として、あなたなら、どのような行動を取りますか？ 具体的に記述して下さい。 評価対象コンピテンシー：情報収集力、計画力 | I83: ● | J83: ≪情報収集力≫ ・自身で収集 1点 ・班内を巻き込んで収集 2点 ・班間の情報を含め収集（ほかにあるのか等）し、精査する 3点 | O83: ● | P83: ≪計画力≫ ・自分でできる対応を計画している １点 ・周囲の班員でできる対応を計画している ２点 ・災害対応の全体像を見据えたり、先読みした内容を踏まえた上で、既存ルールにこだわらず対応を計画している ３点
A84: 01本部長支援 | B84: シーン3 | C84: 4 | D84: 共通13 | E84: 共通 | F84: 発災3日後12時 自班のTeamsチャットにて「発災時より復旧対応している班員が、目に見えて疲弊している」という情報が入ってきました。 ・公共交通機関の稼働状況は50％程度 ・周辺コンビニの食料は売り切れ あなたならどのような行動をとりますか？ 何を使用し、何を行うか具体的に記述して下さい。 ※評価対象コンピテンシー：情報収集力、計画力 | G84: ● | H84: 1点：班員の状況確認 2点：班員に寄り添いながら、状況を確認し課題感をお互いに共有する 3点：班員に寄り添いながら、状況を確認し課題感をお互いに共有した上で、社内全体の課題として全体情報共有の会議等で班を超えてコミュニケーションをとりながら解決に取組んでいる。 | I84: ● | J84: 1点：班員の疲労に関する情報収集をしている 2点：班員の疲労や必要物資に関して情報収集している 3点：班員の疲労に関する情報や班活動に必要な全体のリソースと残量、心理面も含めた課題感について情報収集している。 | O84: ● | P84: 1点：疲労状況に対して、対応策を計画している 2点：疲労状況に対して、シフト調整や必要備蓄品の配備などを計画している 3点：災害対応の長期化を見据えた上で、シフト調整や班間連携、必要備蓄品の配備や心理面のケアについて具体的に計画している
A85: 01本部長支援 | B85: シーン3 | C85: 5 | D85: 個別 | E85: 個別 | F85: 発災3日後12時 NTT東日本、NTT西日本より、災害時特設公衆電話の開設について情報連絡がありました。 あなたならどのような行動をとりますか？ 何を使用し、何を行うか具体的に記述して下さい。 ※評価対象コンピテンシー：コミュニケーション力 | G85: ● | H85: ≪コミュニケーション≫自身で対応するか、班員に指示をだすか明確なアクションの明示が必要 ・自身や周囲のメンバに事実のみを展開 １点 ・情報を班内に展開 ２点 ・班間に状況を共有、さらにアクションをおこしていれば ３点
A86: 01本部長支援 | B86: シーン3 | C86: 6 | D86: 個別 | E86: 個別 | F86: 発災7日後12時 持株会社経由で総務省から、料金減免方針等の支援策の報告依頼がありました。 あなたならどのような行動をとりますか？ 何を使用し、何を行うか具体的に記述して下さい。 ※評価対象コンピテンシー：コミュニケーション力、情報収集力 | G86: ● | H86: ≪コミュニケーション≫災害対策本部態勢下における正しいプロセスが行えるか？ ・自身や周囲のメンバに事実のみ展開 １点 ・班内に依頼を展開するとともに対応指示する ２点 ・班間（各サービス）に状況を共有、さらにアクションをおこしていれば ３点 | I86: ● | J86: ≪情報収集力≫（発災7日後の落ち着いた状況ではあるが）自班に限らず全社に目を向けて情報収集・発信ができるか？ ・自身で収集 1点 ・班内を巻き込んで収集 2点 ・班間の情報を含め収集（ほかにあるのか等）し、精査する 3点
A87: 01本部長支援 | B87: シーン3 | C87: 7 | D87: 共通14 | E87: 共通 | F87: 発災7日後12時 「東京電力が計画停電を3日後から実施する」という情報が参加中の全社情報共有の会議で情報統括班から流れて来ました。 あなたならどのような行動を行いますか？ 何を使用し、何を行うか具体的に記述して下さい。 ※評価対象コンピテンシー：情報分析力、想像・先読み力、計画力 | K87: ● | L87: 1点：計画停電に伴うサービスへの影響を想定している 2点：いつ、どこで、どれくらいの時間の停電が計画されているのかを確認し、サービス影響を具体的に分析している 3点：いつ、どこで、どれくらいの時間の停電が計画されているのかを確認し、サービス影響を具体的に分析した結果が、影響顧客への対応や事前対策に反映されている | M87: ● | N87: 1点：計画停電による、サービス影響を想定している 2点：計画停電によって影響を受けるサービスの被害（サービス名、影響期間、影響内容）を想定している 3点：計画停電によって影響を受けるサービスの被害（サービス名、影響期間、影響内容）を想定した上で、具体的に対応や予防策を検討している | O87: ● | P87: 1点：計画停電に伴うサービスへの影響についての対応や予防策を検討している 2点：計画停電に伴うサービスへの影響影響（サービス名、影響期間、影響内容）に応じて、対応や予防策を具体的に検討している 3点：計画停電に伴うサービスへの影響影響（サービス名、影響期間、影響内容）に応じて、災害対応の全体像を想定しながら、先手先手で対応や予防策を具体的に検討している
A88: 02広報 | B88: シーン3 | C88: 1 | D88: 共通12 | E88: 共通 | F88: 発災翌日18時 西日本初動本部から東京へ引継ぎが完了しました。 翌日９時に全社の災害対策本部会議が開催されます。 あなたならどのような行動をとりますか？ 何を使用し、何を行うか具体的に記述して下さい。 ※評価対象コンピテンシー：コミュニケーション力、計画力 | G88: ● | H88: 1点：班長、班員への周知や情報収集のみ（一方向） 2点：班長、班員と災害対策本部会議参加に向けて、必要なコミュニケーションをとっている（双方向） 3点：災害対策本部会議参での円滑なコミュニケーションに向けて、災害対応状況や課題感、情報提供事項、他班から収集したい情報などについて、班長や班員と双方向のコミュニケーションをとって確認している | O88: ● | P88: 1点：災害対策本部会議参加に向けて準備をしている 2点：災害対策本部会議参加での報告事項や相談事項などのゴールを計画している 3点：災害対策本部会議参加での報告事項や相談事項などのゴール計画に対して、誰が何を準備するのかを具体的に計画する。
A89: 02広報 | B89: シーン3 | C89: 2 | D89: 共通13 | E89: 共通 | F89: 発災3日後12時 自班のTeamsチャットにて「発災時より復旧対応している班員が、目に見えて疲弊している」という情報が入ってきました。 ・公共交通機関の稼働状況は50％程度 ・周辺コンビニの食料は売り切れ あなたならどのような行動をとりますか？ 何を使用し、何を行うか具体的に記述して下さい。 ※評価対象コンピテンシー：情報収集力、計画力 | G89: ● | H89: 1点：班員の状況確認 2点：班員に寄り添いながら、状況を確認し課題感をお互いに共有する 3点：班員に寄り添いながら、状況を確認し課題感をお互いに共有した上で、社内全体の課題として全体情報共有の会議等で班を超えてコミュニケーションをとりながら解決に取組んでいる。 | I89: ● | J89: 1点：班員の疲労に関する情報収集をしている 2点：班員の疲労や必要物資に関して情報収集している 3点：班員の疲労に関する情報や班活動に必要な全体のリソースと残量、心理面も含めた課題感について情報収集している。 | O89: ● | P89: 1点：疲労状況に対して、対応策を計画している 2点：疲労状況に対して、シフト調整や必要備蓄品の配備などを計画している 3点：災害対応の長期化を見据えた上で、シフト調整や班間連携、必要備蓄品の配備や心理面のケアについて具体的に計画している
A90: 02広報 | B90: シーン3 | C90: 3 | D90: 個別 | E90: 個別 | F90: 発災翌日12時 NTTドコモ支社からNTTドコモビジネス支社へ「地方新聞社から至急の取材依頼が来ている」と電話がありました。 あなたならどのような行動を行いますか？ 何を使用し、何を行うか具体的に記述して下さい。 ※評価対象コンピテンシー：コミュニケーション力 | G90: ● | H90: ≪コミュニケーション力≫ ・班内で指示/連絡をとろうとしている １点 ・班内、班間で具体的に意思疎通（傾聴＋伝達）している ２点 ・組織や立場を超えて、付加価値を付けた上で自身の考えを意思疎通（傾聴＋伝達）している ３点
A91: 02広報 | B91: シーン3 | C91: 4 | D91: 個別 | E91: 個別 | F91: 発災3日後12時 お客様対応班より、「某都市銀行のサービス停止はNTTドコモビジネスのサービス影響によるものだと発表してほしい」と某都市銀行様から強く要求されていると連絡がありました。 あなたならどのような行動を行いますか？ 何を使用し、何を行うか具体的に記述して下さい。 ※評価対象コンピテンシー：コミュニケーション力、計画力 | G91: ● | H91: ≪コミュニケーション力≫ ・班内で指示/連絡をとろうとしている １点 ・班内、班間で具体的に意思疎通（傾聴＋伝達）している ２点 ・組織や立場を超えて、付加価値を付けた上で自身の考えを意思疎通（傾聴＋伝達）している ３点 | O91: ● | P91: ≪計画力≫ ・自分でできる対応を計画している １点 ・周囲の班員でできる対応を計画している ２点 ・災害対応の全体像を見据えたり、先読みした内容を踏まえた上で、既存ルールにこだわらず対応を計画している ３点
A92: 02広報 | B92: シーン3 | C92: 5 | D92: 個別 | E92: 個別 | F92: 発災7日後12時 SNS上で、NTTドコモビジネスを名乗り「地震で被害を受けた方に料金を返還するので口座情報を教えてほしい」という不審メールが来たとの投稿が25件ありました。 あなたならどのような行動を行いますか？ 何を使用し、何を行うか具体的に記述して下さい。 ※評価対象コンピテンシー：情報分析力、計画力 | K92: ● | L92: ≪情報分析力≫ ・情報分析（重大な影響を及ぼす可能性がある因子の特定）を試みている １点 ・情報分析を行い、重大な影響を及ぼす可能性がある因子の特定している ２点 ・情報分析を行い、重大な影響を及ぼす可能性がある因子の特定した上で、災対本部など、班間でのサポートを要請（注意喚起）する等の行動を起こしている ３点 | O92: ● | P92: ≪計画力≫ ・自分でできる対応を計画している １点 ・周囲の班員でできる対応を計画している ２点 ・災害対応の全体像を見据えたり、先読みした内容を踏まえた上で、既存ルールにこだわらず対応を計画している ３点
A93: 02広報 | B93: シーン3 | C93: 6 | D93: 個別 | E93: 個別 | F93: 発災7日後12時 日経新聞より「通信インフラの大地震対応を振り返る」という特集を組みたいと相談があり、サービス責任者への取材を申し込まれました。 あなたならどのような行動を行いますか？ 何を使用し、何を行うか具体的に記述して下さい。 ※評価対象コンピテンシー：コミュニケーション力、計画力 | G93: ● | H93: ≪コミュニケーション力≫ ・班内で指示/連絡をとろうとしている １点 ・班内、班間で具体的に意思疎通（傾聴＋伝達）している ２点 ・組織や立場を超えて、付加価値を付けた上で自身の考えを意思疎通（傾聴＋伝達）している ３点 | O93: ● | P93: ≪計画力≫ ・自分でできる対応を計画している １点 ・周囲の班員でできる対応を計画している ２点 ・災害対応の全体像を見据えたり、先読みした内容を踏まえた上で、既存ルールにこだわらず対応を計画している ３点
A94: 02広報 | B94: シーン3 | C94: 7 | D94: 共通14 | E94: 共通 | F94: 発災7日後12時 「東京電力が計画停電を3日後から実施する」という情報が参加中の全社情報共有の会議で情報統括班から流れて来ました。 あなたならどのような行動を行いますか？ 何を使用し、何を行うか具体的に記述して下さい。 ※評価対象コンピテンシー：情報分析力、想像・先読み力、計画力 | K94: ● | L94: 1点：計画停電に伴うサービスへの影響を想定している 2点：いつ、どこで、どれくらいの時間の停電が計画されているのかを確認し、サービス影響を具体的に分析している 3点：いつ、どこで、どれくらいの時間の停電が計画されているのかを確認し、サービス影響を具体的に分析した結果が、影響顧客への対応や事前対策に反映されている | M94: ● | N94: 1点：計画停電による、サービス影響を想定している 2点：計画停電によって影響を受けるサービスの被害（サービス名、影響期間、影響内容）を想定している 3点：計画停電によって影響を受けるサービスの被害（サービス名、影響期間、影響内容）を想定した上で、具体的に対応や予防策を検討している | O94: ● | P94: 1点：計画停電に伴うサービスへの影響についての対応や予防策を検討している 2点：計画停電に伴うサービスへの影響影響（サービス名、影響期間、影響内容）に応じて、対応や予防策を具体的に検討している 3点：計画停電に伴うサービスへの影響影響（サービス名、影響期間、影響内容）に応じて、災害対応の全体像を想定しながら、先手先手で対応や予防策を具体的に検討している
A95: 03総務 | B95: シーン3 | C95: 1 | D95: 共通12 | E95: 共通 | F95: 発災翌日18時 西日本初動本部から東京へ引継ぎが完了しました。 翌日９時に全社の災害対策本部会議が開催されます。 あなたならどのような行動をとりますか？ 何を使用し、何を行うか具体的に記述して下さい。 ※評価対象コンピテンシー：コミュニケーション力、計画力 | G95: ● | H95: 1点：班長、班員への周知や情報収集のみ（一方向） 2点：班長、班員と災害対策本部会議参加に向けて、必要なコミュニケーションをとっている（双方向） 3点：災害対策本部会議参での円滑なコミュニケーションに向けて、災害対応状況や課題感、情報提供事項、他班から収集したい情報などについて、班長や班員と双方向のコミュニケーションをとって確認している | O95: ● | P95: 1点：災害対策本部会議参加に向けて準備をしている 2点：災害対策本部会議参加での報告事項や相談事項などのゴールを計画している 3点：災害対策本部会議参加での報告事項や相談事項などのゴール計画に対して、誰が何を準備するのかを具体的に計画する。
A96: 03総務 | B96: シーン3 | C96: 2 | D96: 共通13 | E96: 共通 | F96: 発災3日後12時 自班のTeamsチャットにて「発災時より復旧対応している班員が、目に見えて疲弊している」という情報が入ってきました。 ・公共交通機関の稼働状況は50％程度 ・周辺コンビニの食料は売り切れ あなたならどのような行動をとりますか？ 何を使用し、何を行うか具体的に記述して下さい。 ※評価対象コンピテンシー：情報収集力、計画力 | G96: ● | H96: 1点：班員の状況確認 2点：班員に寄り添いながら、状況を確認し課題感をお互いに共有する 3点：班員に寄り添いながら、状況を確認し課題感をお互いに共有した上で、社内全体の課題として全体情報共有の会議等で班を超えてコミュニケーションをとりながら解決に取組んでいる。 | I96: ● | J96: 1点：班員の疲労に関する情報収集をしている 2点：班員の疲労や必要物資に関して情報収集している 3点：班員の疲労に関する情報や班活動に必要な全体のリソースと残量、心理面も含めた課題感について情報収集している。 | O96: ● | P96: 1点：疲労状況に対して、対応策を計画している 2点：疲労状況に対して、シフト調整や必要備蓄品の配備などを計画している 3点：災害対応の長期化を見据えた上で、シフト調整や班間連携、必要備蓄品の配備や心理面のケアについて具体的に計画している
A97: 03総務 | B97: シーン3 | C97: 3 | D97: 個別 | E97: 個別 | F97: 発災3日後12時 自班のTeamsチャットに、田町ビルの災対備蓄品がほぼ無くなったとの報告が入りました。 あなたならどのような行動をとりますか？ 何を使用し、何を行うか具体的に記述して下さい。 ※評価対象コンピテンシー：想像・先読み力、計画力 | M97: ● | N97: 1点：次に起こる事を想定しようとしている 2点：次に起こる事を想定した上で、必要な行動を具体的に検討している 3点：災対備蓄品の供給が迅速にできる場合と時間を要する場合などをいくつか想定し、想定に応じて必要な行動を具体的に検討している | O97: ● | P97: 1点：班内でできる対応を計画している 2点：通常稼働に向けて、復旧計画を立てている 3点：外部環境や田町ビルの状況、先読みした内容を踏まえて、近隣ビルからの災対備蓄品の供給や施設閉鎖、代替拠点準備など、具体的な復旧計画を立てている
A98: 03総務 | B98: シーン3 | C98: 4 | D98: 個別 | E98: 個別 | F98: 発災3日後12時 NTTドコモビジネスのオフィスビルにおいては、猿楽ビル玄関以外はほぼ通常稼働に回復していることが、自班のTeamsチャットで確認できました。 猿楽ビルに対して、あなたならどのような行動をとりますか？ 何を使用し、何を行うか具体的に記述して下さい。 ※評価対象コンピテンシー：コミュニケーション力、計画力 | G98: ● | H98: 1点：猿楽ビル関係者と連絡をとろうとしている 2点：通常稼働に向けて、猿楽ビル関係者と積極的にコミュニケーションをとっている 3点：復旧計画を遂行するために、組織や立場を超えて関係者（災害対策本部や首都圏組織など）と積極的にコミュニケーションをとっている | O98: ● | P98: 1点：班内でできる対応を計画している 2点：通常稼働に向けて、復旧計画を立てている 3点：外部環境変化や猿楽ビルの状況を考慮した上で、通常稼働に向けて、具体的な復旧計画を立てている
A99: 03総務 | B99: シーン3 | C99: 5 | D99: 個別 | E99: 個別 | F99: 発災3日後18時 地震発生から72時間後の安否集計結果が、回答数10,500名。1割程度が本人・家族・家屋に被害発生。業務可能者は出社・リモートを含め7割程度。怪我の他に発熱症状の社員、家族報告が増加。 あなたならどのような行動をとりますか？ 何を使用し、何を行うか具体的に記述して下さい。 ※評価対象コンピテンシー：コミュニケーション力、情報分析力、計画力 | G99: ● | H99: 1点：被災社員やけが人、体調不良者と連絡をとろうとしている 2点：被災社員やけが人、体調不良者と積極的にコミュニケーションをとっている 3点：被災社員支援やけが人、体調不良者対応に向けて、組織や立場を超えて関係者と積極的にコミュニケーションをとっている | K99: ● | L99: 1点：事業継続への影響を確認している 2点：事業継続に対して重大な影響を及ぼす可能性がある因子（特定の組織やスキル保有者の欠勤など）を特定している 3点：事業継続に対して重大な影響を及ぼす可能性がある因子（特定の組織やスキル保有者の欠勤など）を特定した上で、最悪の事態に対応するための行動を起こしている | O99: ● | P99: 1点：班内でできる対応を計画している 2点：安否確認や被災社員、けが人、体調不良者への対応を計画している 3点：安否確認や被災社員、けが人、体調不良者への対応を網羅的に具体的（電話、メール、SNS、171など）に計画している
A100: 03総務 | B100: シーン3 | C100: 6 | D100: 個別 | E100: 個別 | F100: 発災7日後12時 安否が不明な社員が21名、パートナー社員が35名います。各所属組織が連絡を試みていますが、未だ連絡がとれません。 あなたならどのような行動をとりますか？ 何を使用し、何を行うか具体的に記述して下さい。 ※評価対象コンピテンシー：コミュニケーション力、想像・先読み力、計画力 | G100: ● | H100: 1点：安否不明者と連絡をとろうとしている 2点：安否確認に向けて、安否不明者の関係者とコミュニケーションをとっている 3点：安否確認の計画遂行に向けて、組織や立場を超えて関係者（人材派遣会社含む）と積極的にコミュニケーションをとっている | M100: ● | N100: 1点：次に起こる事を想定しようとしている 2点：次に起こる事を想定した上で、必要な行動を具体的に検討している 3点：安否不明者の居住地域や行動履歴から置かれている状況などを複数想定し、想定に応じて必要な行動を具体的に検討している | O100: ● | P100: 1点：班内でできる対応を計画している 2点：安否確認に向けて、必要な対応を計画している 3点：安否確認に向けて、家族や友人関係、メディア、SNS情報など、複数の手段を計画している
A101: 03総務 | B101: シーン3 | C101: 7 | D101: 共通14 | E101: 共通 | F101: 発災7日後12時 「東京電力が計画停電を3日後から実施する」という情報が参加中の全社情報共有の会議で情報統括班から流れて来ました。 あなたならどのような行動を行いますか？ 何を使用し、何を行うか具体的に記述して下さい。 ※評価対象コンピテンシー：情報分析力、想像・先読み力、計画力 | K101: ● | L101: 1点：計画停電に伴うサービスへの影響を想定している 2点：いつ、どこで、どれくらいの時間の停電が計画されているのかを確認し、サービス影響を具体的に分析している 3点：いつ、どこで、どれくらいの時間の停電が計画されているのかを確認し、サービス影響を具体的に分析した結果が、影響顧客への対応や事前対策に反映されている | M101: ● | N101: 1点：計画停電による、サービス影響を想定している 2点：計画停電によって影響を受けるサービスの被害（サービス名、影響期間、影響内容）を想定している 3点：計画停電によって影響を受けるサービスの被害（サービス名、影響期間、影響内容）を想定した上で、具体的に対応や予防策を検討している | O101: ● | P101: 1点：計画停電に伴うサービスへの影響についての対応や予防策を検討している 2点：計画停電に伴うサービスへの影響影響（サービス名、影響期間、影響内容）に応じて、対応や予防策を具体的に検討している 3点：計画停電に伴うサービスへの影響影響（サービス名、影響期間、影響内容）に応じて、災害対応の全体像を想定しながら、先手先手で対応や予防策を具体的に検討している
...

Sheet コンピテンシー
A1: シーン1 | R1: シーン | S1: シーン1 | AF1: シーン | AG1: シーン2 | AT1: シーン | AU1: シーン3
B2: ｺﾐｭﾆｹｰｼｮﾝ | E2: 情報収集 | H2: 情報分析 | K2: 想像・先読み | N2: 計画 | R2: 共／個 | S2: 共通 | AF2: 共／個 | AG2: 共通 | AT2: 共／個 | AU2: 共通
B3: 共通 | C3: 個別 | D3: 計 | E3: 共通 | F3: 個別 | G3: 計 | H3: 共通 | I3: 個別 | J3: 計 | K3: 共通 | L3: 個別 | M3: 計 | N3: 共通 | O3: 個別 | P3: 計
A4: 01本部長支援 | B4: =$Z$5 -> 0 | C4: 0 | D4: =SUM(B4:C4) -> 0 | E4: =$AA$5 -> 6 | F4: 0 | G4: =SUM(E4:F4) -> 6 | H4: =$AB$5 -> 3 | I4: 0 | J4: =SUM(H4:I4) -> 3 | K4: =$AC$5 -> 4 | L4: 0 | M4: =SUM(K4:L4) -> 4 | N4: =$AD$5 -> 4 | O4: 0 | P4: =SUM(N4:O4) -> 4 | R4: 行ラベル | S4: 個数 / ｺﾐｭﾆｹｰｼｮﾝ | T4: 個数 / 情報収集 | U4: 個数 / 情報分析 | V4: 個数 / 想像・先読み | W4: 個数 / 計画 | Y4: 行ラベル | Z4: 個数 / ｺﾐｭﾆｹｰｼｮﾝ | AA4: 個数 / 情報収集 | AB4: 個数 / 情報分析 | AC4: 個数 / 想像・先読み | AD4: 個数 / 計画 | AF4: 行ラベル | AG4: 個数 / ｺﾐｭﾆｹｰｼｮﾝ | AH4: 個数 / 情報収集 | AI4: 個数 / 情報分析 | AJ4: 個数 / 想像・先読み | AK4: 個数 / 計画 | AM4: 行ラベル | AN4: 個数 / ｺﾐｭﾆｹｰｼｮﾝ | AO4: 個数 / 情報収集 | AP4: 個数 / 情報分析 | AQ4: 個数 / 想像・先読み | AR4: 個数 / 計画 | AT4: 行ラベル | AU4: 個数 / ｺﾐｭﾆｹｰｼｮﾝ | AV4: 個数 / 情報収集 | AW4: 個数 / 情報分析 | AX4: 個数 / 想像・先読み | AY4: 個数 / 計画 | BA4: 行ラベル | BB4: 個数 / ｺﾐｭﾆｹｰｼｮﾝ | BC4: 個数 / 情報収集 | BD4: 個数 / 情報分析 | BE4: 個数 / 想像・先読み | BF4: 個数 / 計画
A5: 02広報 | B5: =$Z$5 -> 0 | C5: 0 | D5: 0 | E5: =$AA$5 -> 6 | F5: 0 | G5: =SUM(E5:F5) -> 6 | H5: =$AB$5 -> 3 | I5: 0 | J5: =SUM(H5:I5) -> 3 | K5: =$AC$5 -> 4 | L5: 0 | M5: =SUM(K5:L5) -> 4 | N5: =$AD$5 -> 4 | O5: 0 | P5: =SUM(N5:O5) -> 4 | R5: 00全班共通 | T5: 6 | U5: 3 | V5: 4 | W5: 4 | Y5: 00全班共通 | AA5: 6 | AB5: 3 | AC5: 4 | AD5: 4 | AF5: 01本部長支援 | AG5: 3 | AH5: 1 | AK5: 1 | AM5: 01本部長支援 | AN5: 3 | AO5: 1 | AR5: 1 | AT5: 01本部長支援 | AU5: 2 | AV5: 1 | AW5: 1 | AX5: 1 | AY5: 3 | BA5: 01本部長支援 | BB5: 2 | BC5: 1 | BD5: 1 | BE5: 1 | BF5: 3
A6: 03総務 | B6: =$Z$5 -> 0 | C6: 0 | D6: 0 | E6: =$AA$5 -> 6 | F6: 0 | G6: =SUM(E6:F6) -> 6 | H6: =$AB$5 -> 3 | I6: 0 | J6: =SUM(H6:I6) -> 3 | K6: =$AC$5 -> 4 | L6: 0 | M6: =SUM(K6:L6) -> 4 | N6: =$AD$5 -> 4 | O6: 0 | P6: =SUM(N6:O6) -> 4 | R6: 総計 | T6: 6 | U6: 3 | V6: 4 | W6: 4 | Y6: 総計 | AA6: 6 | AB6: 3 | AC6: 4 | AD6: 4 | AF6: 02広報 | AG6: 3 | AH6: 1 | AK6: 1 | AM6: 02広報 | AN6: 3 | AO6: 1 | AR6: 1 | AT6: 02広報 | AU6: 2 | AV6: 1 | AW6: 1 | AX6: 1 | AY6: 3 | BA6: 02広報 | BB6: 2 | BC6: 1 | BD6: 1 | BE6: 1 | BF6: 3
A7: 04サービス | B7: =$Z$5 -> 0 | C7: 0 | D7: 0 | E7: =$AA$5 -> 6 | F7: 0 | G7: =SUM(E7:F7) -> 6 | H7: =$AB$5 -> 3 | I7: 0 | J7: =SUM(H7:I7) -> 3 | K7: =$AC$5 -> 4 | L7: 0 | M7: =SUM(K7:L7) -> 4 | N7: =$AD$5 -> 4 | O7: 0 | P7: =SUM(N7:O7) -> 4 | AF7: 03総務 | AG7: 3 | AH7: 1 | AK7: 1 | AM7: 03総務 | AN7: 3 | AO7: 1 | AR7: 1 | AT7: 03総務 | AU7: 2 | AV7: 1 | AW7: 1 | AX7: 1 | AY7: 3 | BA7: 03総務 | BB7: 2 | BC7: 1 | BD7: 1 | BE7: 1 | BF7: 3
A8: 05お客様対応 | B8: =$Z$5 -> 0 | C8: 0 | D8: 0 | E8: =$AA$5 -> 6 | F8: 0 | G8: =SUM(E8:F8) -> 6 | H8: =$AB$5 -> 3 | I8: 0 | J8: =SUM(H8:I8) -> 3 | K8: =$AC$5 -> 4 | L8: 0 | M8: =SUM(K8:L8) -> 4 | N8: =$AD$5 -> 4 | O8: 0 | P8: =SUM(N8:O8) -> 4 | AF8: 04サービス | AG8: 3 | AH8: 1 | AK8: 1 | AM8: 04サービス | AN8: 3 | AO8: 1 | AR8: 1 | AT8: 04サービス | AU8: 2 | AV8: 1 | AW8: 1 | AX8: 1 | AY8: 3 | BA8: 04サービス | BB8: 2 | BC8: 1 | BD8: 1 | BE8: 1 | BF8: 3
A9: 06設備 | B9: =$Z$5 -> 0 | C9: 0 | D9: 0 | E9: =$AA$5 -> 6 | F9: 0 | G9: =SUM(E9:F9) -> 6 | H9: =$AB$5 -> 3 | I9: 0 | J9: =SUM(H9:I9) -> 3 | K9: =$AC$5 -> 4 | L9: 0 | M9: =SUM(K9:L9) -> 4 | N9: =$AD$5 -> 4 | O9: 0 | P9: =SUM(N9:O9) -> 4 | AF9: 05お客様対応 | AG9: 3 | AH9: 1 | AK9: 1 | AM9: 05お客様対応 | AN9: 3 | AO9: 1 | AR9: 1 | AT9: 05お客様対応 | AU9: 2 | AV9: 1 | AW9: 1 | AX9: 1 | AY9: 3 | BA9: 05お客様対応 | BB9: 2 | BC9: 1 | BD9: 1 | BE9: 1 | BF9: 3
A10: 07資材 | B10: =$Z$5 -> 0 | C10: 0 | D10: 0 | E10: =$AA$5 -> 6 | F10: 0 | G10: =SUM(E10:F10) -> 6 | H10: =$AB$5 -> 3 | I10: 0 | J10: =SUM(H10:I10) -> 3 | K10: =$AC$5 -> 4 | L10: 0 | M10: =SUM(K10:L10) -> 4 | N10: =$AD$5 -> 4 | O10: 0 | P10: =SUM(N10:O10) -> 4 | AF10: 06設備 | AG10: 3 | AH10: 1 | AK10: 1 | AM10: 06設備 | AN10: 3 | AO10: 1 | AR10: 1 | AT10: 06設備 | AU10: 2 | AV10: 1 | AW10: 1 | AX10: 1 | AY10: 3 | BA10: 06設備 | BB10: 2 | BC10: 1 | BD10: 1 | BE10: 1 | BF10: 3
A11: 08セキュリティ | B11: =$Z$5 -> 0 | C11: 0 | D11: 0 | E11: =$AA$5 -> 6 | F11: 0 | G11: =SUM(E11:F11) -> 6 | H11: =$AB$5 -> 3 | I11: 0 | J11: =SUM(H11:I11) -> 3 | K11: =$AC$5 -> 4 | L11: 0 | M11: =SUM(K11:L11) -> 4 | N11: =$AD$5 -> 4 | O11: 0 | P11: =SUM(N11:O11) -> 4 | AF11: 07資材 | AG11: 3 | AH11: 1 | AK11: 1 | AM11: 07資材 | AN11: 3 | AO11: 1 | AR11: 1 | AT11: 07資材 | AU11: 2 | AV11: 1 | AW11: 1 | AX11: 1 | AY11: 3 | BA11: 07資材 | BB11: 2 | BC11: 1 | BD11: 1 | BE11: 1 | BF11: 3
A12: 09社内システム | B12: =$Z$5 -> 0 | C12: 0 | D12: 0 | E12: =$AA$5 -> 6 | F12: 0 | G12: =SUM(E12:F12) -> 6 | H12: =$AB$5 -> 3 | I12: 0 | J12: =SUM(H12:I12) -> 3 | K12: =$AC$5 -> 4 | L12: 0 | M12: =SUM(K12:L12) -> 4 | N12: =$AD$5 -> 4 | O12: 0 | P12: =SUM(N12:O12) -> 4 | AF12: 08セキュリティ | AG12: 3 | AH12: 1 | AK12: 1 | AM12: 08セキュリティ | AN12: 3 | AO12: 1 | AR12: 1 | AT12: 08セキュリティ | AU12: 2 | AV12: 1 | AW12: 1 | AX12: 1 | AY12: 3 | BA12: 08セキュリティ | BB12: 2 | BC12: 1 | BD12: 1 | BE12: 1 | BF12: 3
A13: 10情報統括 | B13: =$Z$5 -> 0 | C13: 0 | D13: 0 | E13: =$AA$5 -> 6 | F13: 0 | G13: =SUM(E13:F13) -> 6 | H13: =$AB$5 -> 3 | I13: 0 | J13: =SUM(H13:I13) -> 3 | K13: =$AC$5 -> 4 | L13: 0 | M13: =SUM(K13:L13) -> 4 | N13: =$AD$5 -> 4 | O13: 0 | P13: =SUM(N13:O13) -> 4 | AF13: 09社内システム | AG13: 3 | AH13: 1 | AK13: 1 | AM13: 09社内システム | AN13: 3 | AO13: 1 | AR13: 1 | AT13: 09社内システム | AU13: 2 | AV13: 1 | AW13: 1 | AX13: 1 | AY13: 3 | BA13: 09社内システム | BB13: 2 | BC13: 1 | BD13: 1 | BE13: 1 | BF13: 3
A14: 計 | D14: =SUM(D4:D13) -> 0 | G14: =SUM(G4:G13) -> 60 | J14: =SUM(J4:J13) -> 30 | M14: =SUM(M4:M13) -> 40 | P14: =SUM(P4:P13) -> 40 | AF14: 10情報統括 | AG14: 3 | AH14: 1 | AK14: 1 | AM14: 10情報統括 | AN14: 3 | AO14: 1 | AR14: 1 | AT14: 10情報統括 | AU14: 2 | AV14: 1 | AW14: 1 | AX14: 1 | AY14: 3 | BA14: 10情報統括 | BB14: 2 | BC14: 1 | BD14: 1 | BE14: 1 | BF14: 3
AF15: 総計 | AG15: 30 | AH15: 10 | AK15: 10 | AM15: 総計 | AN15: 30 | AO15: 10 | AR15: 10 | AT15: 総計 | AU15: 20 | AV15: 10 | AW15: 10 | AX15: 10 | AY15: 30 | BA15: 総計 | BB15: 20 | BC15: 10 | BD15: 10 | BE15: 10 | BF15: 30
A16: シーン2
B17: ｺﾐｭﾆｹｰｼｮﾝ | E17: 情報収集 | H17: 情報分析 | K17: 想像・先読み | N17: 計画 | AF17: シーン | AG17: シーン2 | AT17: シーン | AU17: シーン3
B18: 共通 | C18: 個別 | D18: 計 | E18: 共通 | F18: 個別 | G18: 計 | H18: 共通 | I18: 個別 | J18: 計 | K18: 共通 | L18: 個別 | M18: 計 | N18: 共通 | O18: 個別 | P18: 計 | AF18: 共／個 | AG18: 個別 | AT18: 共／個 | AU18: 個別
A19: 01本部長支援 | B19: =AN5 -> 3 | C19: =AN21 -> 3 | D19: =SUM(B19:C19) -> 6 | E19: =AO5 -> 1 | F19: =AO21 -> 2 | G19: =SUM(E19:F19) -> 3 | H19: =AP5 -> 0 | I19: =AP21 -> 1 | J19: =SUM(H19:I19) -> 1 | K19: =AQ5 -> 0 | L19: =AQ21 -> 1 | M19: =SUM(K19:L19) -> 1 | N19: =AR5 -> 1 | O19: =AR21 -> 2 | P19: =SUM(N19:O19) -> 3
A20: 02広報 | B20: =AN6 -> 3 | C20: =AN22 -> 1 | D20: =SUM(B20:C20) -> 4 | E20: =AO6 -> 1 | F20: =AO22 -> 2 | G20: =SUM(E20:F20) -> 3 | H20: =AP6 -> 0 | I20: =AP22 -> 1 | J20: =SUM(H20:I20) -> 1 | K20: =AQ6 -> 0 | L20: =AQ22 -> 1 | M20: =SUM(K20:L20) -> 1 | N20: =AR6 -> 1 | O20: =AR22 -> 2 | P20: =SUM(N20:O20) -> 3 | AF20: 行ラベル | AG20: 個数 / ｺﾐｭﾆｹｰｼｮﾝ | AH20: 個数 / 情報収集 | AI20: 個数 / 情報分析 | AJ20: 個数 / 想像・先読み | AK20: 個数 / 計画 | AM20: 行ラベル | AN20: 個数 / ｺﾐｭﾆｹｰｼｮﾝ | AO20: 個数 / 情報収集 | AP20: 個数 / 情報分析 | AQ20: 個数 / 想像・先読み | AR20: 個数 / 計画 | AT20: 行ラベル | AU20: 個数 / ｺﾐｭﾆｹｰｼｮﾝ | AV20: 個数 / 情報収集 | AW20: 個数 / 情報分析 | AX20: 個数 / 想像・先読み | AY20: 個数 / 計画 | BA20: 行ラベル | BB20: 個数 / ｺﾐｭﾆｹｰｼｮﾝ | BC20: 個数 / 情報収集 | BD20: 個数 / 情報分析 | BE20: 個数 / 想像・先読み | BF20: 個数 / 計画
A21: 03総務 | B21: =AN7 -> 3 | C21: =AN23 -> 3 | D21: =SUM(B21:C21) -> 6 | E21: =AO7 -> 1 | F21: =AO23 -> 2 | G21: =SUM(E21:F21) -> 3 | H21: =AP7 -> 0 | I21: =AP23 -> 1 | J21: =SUM(H21:I21) -> 1 | K21: =AQ7 -> 0 | L21: =AQ23 -> 3 | M21: =SUM(K21:L21) -> 3 | N21: =AR7 -> 1 | O21: =AR23 -> 3 | P21: =SUM(N21:O21) -> 4 | AF21: 01本部長支援 | AG21: 3 | AH21: 2 | AI21: 1 | AJ21: 1 | AK21: 2 | AM21: 01本部長支援 | AN21: 3 | AO21: 2 | AP21: 1 | AQ21: 1 | AR21: 2 | AT21: 01本部長支援 | AU21: 2 | AV21: 2 | AW21: 1 | AX21: 1 | AY21: 2 | BA21: 01本部長支援 | BB21: 2 | BC21: 2 | BD21: 1 | BE21: 1 | BF21: 2
A22: 04サービス | B22: =AN8 -> 3 | C22: =AN24 -> 2 | D22: =SUM(B22:C22) -> 5 | E22: =AO8 -> 1 | F22: =AO24 -> 1 | G22: =SUM(E22:F22) -> 2 | H22: =AP8 -> 0 | I22: =AP24 -> 3 | J22: =SUM(H22:I22) -> 3 | K22: =AQ8 -> 0 | L22: =AQ24 -> 3 | M22: =SUM(K22:L22) -> 3 | N22: =AR8 -> 1 | O22: =AR24 -> 0 | P22: =SUM(N22:O22) -> 1 | AF22: 02広報 | AG22: 1 | AH22: 2 | AI22: 1 | AJ22: 1 | AK22: 2 | AM22: 02広報 | AN22: 1 | AO22: 2 | AP22: 1 | AQ22: 1 | AR22: 2 | AT22: 02広報 | AU22: 3 | AW22: 1 | AY22: 3 | BA22: 02広報 | BB22: 3 | BD22: 1 | BF22: 3
A23: 05お客様対応 | B23: =AN9 -> 3 | C23: =AN25 -> 3 | D23: =SUM(B23:C23) -> 6 | E23: =AO9 -> 1 | F23: =AO25 -> 3 | G23: =SUM(E23:F23) -> 4 | H23: =AP9 -> 0 | I23: =AP25 -> 0 | J23: =SUM(H23:I23) -> 0 | K23: =AQ9 -> 0 | L23: =AQ25 -> 0 | M23: =SUM(K23:L23) -> 0 | N23: =AR9 -> 1 | O23: =AR25 -> 1 | P23: =SUM(N23:O23) -> 2 | AF23: 03総務 | AG23: 3 | AH23: 2 | AI23: 1 | AJ23: 3 | AK23: 3 | AM23: 03総務 | AN23: 3 | AO23: 2 | AP23: 1 | AQ23: 3 | AR23: 3 | AT23: 03総務 | AU23: 3 | AW23: 1 | AX23: 2 | AY23: 4 | BA23: 03総務 | BB23: 3 | BD23: 1 | BE23: 2 | BF23: 4
A24: 06設備 | B24: =AN10 -> 3 | C24: =AN26 -> 2 | D24: =SUM(B24:C24) -> 5 | E24: =AO10 -> 1 | F24: =AO26 -> 2 | G24: =SUM(E24:F24) -> 3 | H24: =AP10 -> 0 | I24: =AP26 -> 1 | J24: =SUM(H24:I24) -> 1 | K24: =AQ10 -> 0 | L24: =AQ26 -> 1 | M24: =SUM(K24:L24) -> 1 | N24: =AR10 -> 1 | O24: =AR26 -> 4 | P24: =SUM(N24:O24) -> 5 | AF24: 04サービス | AG24: 2 | AH24: 1 | AI24: 3 | AJ24: 3 | AM24: 04サービス | AN24: 2 | AO24: 1 | AP24: 3 | AQ24: 3 | AT24: 04サービス | AU24: 2 | AV24: 3 | AW24: 1 | AX24: 1 | AY24: 1 | BA24: 04サービス | BB24: 2 | BC24: 3 | BD24: 1 | BE24: 1 | BF24: 1
A25: 07資材 | B25: =AN11 -> 3 | C25: =AN27 -> 2 | D25: =SUM(B25:C25) -> 5 | E25: =AO11 -> 1 | F25: =AO27 -> 2 | G25: =SUM(E25:F25) -> 3 | H25: =AP11 -> 0 | I25: =AP27 -> 1 | J25: =SUM(H25:I25) -> 1 | K25: =AQ11 -> 0 | L25: =AQ27 -> 1 | M25: =SUM(K25:L25) -> 1 | N25: =AR11 -> 1 | O25: =AR27 -> 3 | P25: =SUM(N25:O25) -> 4 | AF25: 05お客様対応 | AG25: 3 | AH25: 3 | AK25: 1 | AM25: 05お客様対応 | AN25: 3 | AO25: 3 | AR25: 1 | AT25: 05お客様対応 | AV25: 3 | AW25: 1 | AY25: 2 | BA25: 05お客様対応 | BC25: 3 | BD25: 1 | BF25: 2
A26: 08セキュリティ | B26: =AN12 -> 3 | C26: =AN28 -> 0 | D26: =SUM(B26:C26) -> 3 | E26: =AO12 -> 1 | F26: =AO28 -> 2 | G26: =SUM(E26:F26) -> 3 | H26: =AP12 -> 0 | I26: =AP28 -> 0 | J26: =SUM(H26:I26) -> 0 | K26: =AQ12 -> 0 | L26: =AQ28 -> 2 | M26: =SUM(K26:L26) -> 2 | N26: =AR12 -> 1 | O26: =AR28 -> 4 | P26: =SUM(N26:O26) -> 5 | AF26: 06設備 | AG26: 2 | AH26: 2 | AI26: 1 | AJ26: 1 | AK26: 4 | AM26: 06設備 | AN26: 2 | AO26: 2 | AP26: 1 | AQ26: 1 | AR26: 4 | AT26: 06設備 | AU26: 1 | AV26: 1 | AX26: 3 | AY26: 4 | BA26: 06設備 | BB26: 1 | BC26: 1 | BE26: 3 | BF26: 4
A27: 09社内システム | B27: =AN13 -> 3 | C27: =AN29 -> 0 | D27: =SUM(B27:C27) -> 3 | E27: =AO13 -> 1 | F27: =AO29 -> 3 | G27: =SUM(E27:F27) -> 4 | H27: =AP13 -> 0 | I27: =AP29 -> 1 | J27: =SUM(H27:I27) -> 1 | K27: =AQ13 -> 0 | L27: =AQ29 -> 0 | M27: =SUM(K27:L27) -> 0 | N27: =AR13 -> 1 | O27: =AR29 -> 3 | P27: =SUM(N27:O27) -> 4 | AF27: 07資材 | AG27: 2 | AH27: 2 | AI27: 1 | AJ27: 1 | AK27: 3 | AM27: 07資材 | AN27: 2 | AO27: 2 | AP27: 1 | AQ27: 1 | AR27: 3 | AT27: 07資材 | AU27: 3 | AV27: 1 | AY27: 4 | BA27: 07資材 | BB27: 3 | BC27: 1 | BF27: 4
A28: 10情報統括 | B28: =AN14 -> 3 | C28: =AN30 -> 2 | D28: =SUM(B28:C28) -> 5 | E28: =AO14 -> 1 | F28: =AO30 -> 1 | G28: =SUM(E28:F28) -> 2 | H28: =AP14 -> 0 | I28: =AP30 -> 1 | J28: =SUM(H28:I28) -> 1 | K28: =AQ14 -> 0 | L28: =AQ30 -> 2 | M28: =SUM(K28:L28) -> 2 | N28: =AR14 -> 1 | O28: =AR30 -> 2 | P28: =SUM(N28:O28) -> 3 | AF28: 08セキュリティ | AH28: 2 | AJ28: 2 | AK28: 4 | AM28: 08セキュリティ | AO28: 2 | AQ28: 2 | AR28: 4 | AT28: 08セキュリティ | AW28: 2 | AX28: 1 | AY28: 4 | BA28: 08セキュリティ | BD28: 2 | BE28: 1 | BF28: 4
A29: 計 | D29: =SUM(D19:D28) -> 48 | G29: =SUM(G19:G28) -> 30 | J29: =SUM(J19:J28) -> 10 | M29: =SUM(M19:M28) -> 14 | P29: =SUM(P19:P28) -> 34 | AF29: 09社内システム | AH29: 3 | AI29: 1 | AK29: 3 | AM29: 09社内システム | AO29: 3 | AP29: 1 | AR29: 3 | AT29: 09社内システム | AV29: 2 | AY29: 2 | BA29: 09社内システム | BC29: 2 | BF29: 2
AF30: 10情報統括 | AG30: 2 | AH30: 1 | AI30: 1 | AJ30: 2 | AK30: 2 | AM30: 10情報統括 | AN30: 2 | AO30: 1 | AP30: 1 | AQ30: 2 | AR30: 2 | AT30: 10情報統括 | AU30: 4 | AV30: 3 | AW30: 1 | AX30: 2 | AY30: 3 | BA30: 10情報統括 | BB30: 4 | BC30: 3 | BD30: 1 | BE30: 2 | BF30: 3
A31: シーン3 | AF31: 総計 | AG31: 18 | AH31: 20 | AI31: 10 | AJ31: 14 | AK31: 24 | AM31: 総計 | AN31: 19 | AO31: 20 | AP31: 10 | AQ31: 14 | AR31: 24 | AT31: 総計 | AU31: 18 | AV31: 15 | AW31: 8 | AX31: 10 | AY31: 29 | BA31: 総計 | BB31: 18 | BC31: 15 | BD31: 8 | BE31: 10 | BF31: 29
B32: ｺﾐｭﾆｹｰｼｮﾝ | E32: 情報収集 | H32: 情報分析 | K32: 想像・先読み | N32: 計画
B33: 共通 | C33: 個別 | D33: 計 | E33: 共通 | F33: 個別 | G33: 計 | H33: 共通 | I33: 個別 | J33: 計 | K33: 共通 | L33: 個別 | M33: 計 | N33: 共通 | O33: 個別 | P33: 計
A34: 01本部長支援 | B34: =BB5 -> 2 | C34: =BB21 -> 2 | D34: =SUM(B34:C34) -> 4 | E34: =BC5 -> 1 | F34: =BC21 -> 2 | G34: =SUM(E34:F34) -> 3 | H34: =BD5 -> 1 | I34: =BD21 -> 1 | J34: =SUM(H34:I34) -> 2 | K34: =BE5 -> 1 | L34: =BE21 -> 1 | M34: =SUM(K34:L34) -> 2 | N34: =BF5 -> 3 | O34: =BF21 -> 2 | P34: =SUM(N34:O34) -> 5
A35: 02広報 | B35: =BB6 -> 2 | C35: =BB22 -> 3 | D35: =SUM(B35:C35) -> 5 | E35: =BC6 -> 1 | F35: =BC22 -> 0 | G35: =SUM(E35:F35) -> 1 | H35: =BD6 -> 1 | I35: =BD22 -> 1 | J35: =SUM(H35:I35) -> 2 | K35: =BE6 -> 1 | L35: =BE22 -> 0 | M35: =SUM(K35:L35) -> 1 | N35: =BF6 -> 3 | O35: =BF22 -> 3 | P35: =SUM(N35:O35) -> 6
A36: 03総務 | B36: =BB7 -> 2 | C36: =BB23 -> 3 | D36: =SUM(B36:C36) -> 5 | E36: =BC7 -> 1 | F36: =BC23 -> 0 | G36: =SUM(E36:F36) -> 1 | H36: =BD7 -> 1 | I36: =BD23 -> 1 | J36: =SUM(H36:I36) -> 2 | K36: =BE7 -> 1 | L36: =BE23 -> 2 | M36: =SUM(K36:L36) -> 3 | N36: =BF7 -> 3 | O36: =BF23 -> 4 | P36: =SUM(N36:O36) -> 7
A37: 04サービス | B37: =BB8 -> 2 | C37: =BB24 -> 2 | D37: =SUM(B37:C37) -> 4 | E37: =BC8 -> 1 | F37: =BC24 -> 3 | G37: =SUM(E37:F37) -> 4 | H37: =BD8 -> 1 | I37: =BD24 -> 1 | J37: =SUM(H37:I37) -> 2 | K37: =BE8 -> 1 | L37: =BE24 -> 1 | M37: =SUM(K37:L37) -> 2 | N37: =BF8 -> 3 | O37: =BF24 -> 1 | P37: =SUM(N37:O37) -> 4
A38: 05お客様対応 | B38: =BB9 -> 2 | C38: =BB25 -> 0 | D38: =SUM(B38:C38) -> 2 | E38: =BC9 -> 1 | F38: =BC25 -> 3 | G38: =SUM(E38:F38) -> 4 | H38: =BD9 -> 1 | I38: =BD25 -> 1 | J38: =SUM(H38:I38) -> 2 | K38: =BE9 -> 1 | L38: =BE25 -> 0 | M38: =SUM(K38:L38) -> 1 | N38: =BF9 -> 3 | O38: =BF25 -> 2 | P38: =SUM(N38:O38) -> 5
A39: 06設備 | B39: =BB10 -> 2 | C39: =BB26 -> 1 | D39: =SUM(B39:C39) -> 3 | E39: =BC10 -> 1 | F39: =BC26 -> 1 | G39: =SUM(E39:F39) -> 2 | H39: =BD10 -> 1 | I39: =BD26 -> 0 | J39: =SUM(H39:I39) -> 1 | K39: =BE10 -> 1 | L39: =BE26 -> 3 | M39: =SUM(K39:L39) -> 4 | N39: =BF10 -> 3 | O39: =BF26 -> 4 | P39: =SUM(N39:O39) -> 7
A40: 07資材 | B40: =BB11 -> 2 | C40: =BB27 -> 3 | D40: =SUM(B40:C40) -> 5 | E40: =BC11 -> 1 | F40: =BC27 -> 1 | G40: =SUM(E40:F40) -> 2 | H40: =BD11 -> 1 | I40: =BD27 -> 0 | J40: =SUM(H40:I40) -> 1 | K40: =BE11 -> 1 | L40: =BE27 -> 0 | M40: =SUM(K40:L40) -> 1 | N40: =BF11 -> 3 | O40: =BF27 -> 4 | P40: =SUM(N40:O40) -> 7
A41: 08セキュリティ | B41: =BB12 -> 2 | C41: =BB28 -> 0 | D41: =SUM(B41:C41) -> 2 | E41: =BC12 -> 1 | F41: =BC28 -> 0 | G41: =SUM(E41:F41) -> 1 | H41: =BD12 -> 1 | I41: =BD28 -> 2 | J41: =SUM(H41:I41) -> 3 | K41: =BE12 -> 1 | L41: =BE28 -> 1 | M41: =SUM(K41:L41) -> 2 | N41: =BF12 -> 3 | O41: =BF28 -> 4 | P41: =SUM(N41:O41) -> 7
A42: 09社内システム | B42: =BB13 -> 2 | C42: =BB29 -> 0 | D42: =SUM(B42:C42) -> 2 | E42: =BC13 -> 1 | F42: =BC29 -> 2 | G42: =SUM(E42:F42) -> 3 | H42: =BD13 -> 1 | I42: =BD29 -> 0 | J42: =SUM(H42:I42) -> 1 | K42: =BE13 -> 1 | L42: =BE29 -> 0 | M42: =SUM(K42:L42) -> 1 | N42: =BF13 -> 3 | O42: =BF29 -> 2 | P42: =SUM(N42:O42) -> 5
A43: 10情報統括 | B43: =BB14 -> 2 | C43: =BB30 -> 4 | D43: =SUM(B43:C43) -> 6 | E43: =BC14 -> 1 | F43: =BC30 -> 3 | G43: =SUM(E43:F43) -> 4 | H43: =BD14 -> 1 | I43: =BD30 -> 1 | J43: =SUM(H43:I43) -> 2 | K43: =BE14 -> 1 | L43: =BE30 -> 2 | M43: =SUM(K43:L43) -> 3 | N43: =BF14 -> 3 | O43: =BF30 -> 3 | P43: =SUM(N43:O43) -> 6
A44: 計 | D44: =SUM(D34:D43) -> 38 | G44: =SUM(G34:G43) -> 25 | J44: =SUM(J34:J43) -> 18 | M44: =SUM(M34:M43) -> 20 | P44: =SUM(P34:P43) -> 59
B47: ｺﾐｭﾆｹｰｼｮﾝ | E47: 情報収集 | H47: 情報分析 | K47: 想像・先読み | N47: 計画
B48: 共通 | C48: 個別 | D48: 計 | E48: 共通 | F48: 個別 | G48: 計 | H48: 共通 | I48: 個別 | J48: 計 | K48: 共通 | L48: 個別 | M48: 計 | N48: 共通 | O48: 個別 | P48: 計
A49: 01本部長支援 | B49: =B4+B19+B34 -> 5 | C49: =C4+C19+C34 -> 5 | D49: =SUM(B49:C49) -> 10 | E49: =E4+E19+E34 -> 8 | F49: =F4+F19+F34 -> 4 | G49: =SUM(E49:F49) -> 12 | H49: =H4+H19+H34 -> 4 | I49: =I4+I19+I34 -> 2 | J49: =SUM(H49:I49) -> 6 | K49: =K4+K19+K34 -> 5 | L49: =L4+L19+L34 -> 2 | M49: =SUM(K49:L49) -> 7 | N49: =N4+N19+N34 -> 8 | O49: =O4+O19+O34 -> 4 | P49: =SUM(N49:O49) -> 12
A50: 02広報 | B50: =B5+B20+B35 -> 5 | C50: =C5+C20+C35 -> 4 | D50: =SUM(B50:C50) -> 9 | E50: =E5+E20+E35 -> 8 | F50: =F5+F20+F35 -> 2 | G50: =SUM(E50:F50) -> 10 | H50: =H5+H20+H35 -> 4 | I50: =I5+I20+I35 -> 2 | J50: =SUM(H50:I50) -> 6 | K50: =K5+K20+K35 -> 5 | L50: =L5+L20+L35 -> 1 | M50: =SUM(K50:L50) -> 6 | N50: =N5+N20+N35 -> 8 | O50: =O5+O20+O35 -> 5 | P50: =SUM(N50:O50) -> 13
A51: 03総務 | B51: =B6+B21+B36 -> 5 | C51: =C6+C21+C36 -> 6 | D51: =SUM(B51:C51) -> 11 | E51: =E6+E21+E36 -> 8 | F51: =F6+F21+F36 -> 2 | G51: =SUM(E51:F51) -> 10 | H51: =H6+H21+H36 -> 4 | I51: =I6+I21+I36 -> 2 | J51: =SUM(H51:I51) -> 6 | K51: =K6+K21+K36 -> 5 | L51: =L6+L21+L36 -> 5 | M51: =SUM(K51:L51) -> 10 | N51: =N6+N21+N36 -> 8 | O51: =O6+O21+O36 -> 7 | P51: =SUM(N51:O51) -> 15
A52: 04サービス | B52: =B7+B22+B37 -> 5 | C52: =C7+C22+C37 -> 4 | D52: =SUM(B52:C52) -> 9 | E52: =E7+E22+E37 -> 8 | F52: =F7+F22+F37 -> 4 | G52: =SUM(E52:F52) -> 12 | H52: =H7+H22+H37 -> 4 | I52: =I7+I22+I37 -> 4 | J52: =SUM(H52:I52) -> 8 | K52: =K7+K22+K37 -> 5 | L52: =L7+L22+L37 -> 4 | M52: =SUM(K52:L52) -> 9 | N52: =N7+N22+N37 -> 8 | O52: =O7+O22+O37 -> 1 | P52: =SUM(N52:O52) -> 9
A53: 05お客様対応 | B53: =B8+B23+B38 -> 5 | C53: =C8+C23+C38 -> 3 | D53: =SUM(B53:C53) -> 8 | E53: =E8+E23+E38 -> 8 | F53: =F8+F23+F38 -> 6 | G53: =SUM(E53:F53) -> 14 | H53: =H8+H23+H38 -> 4 | I53: =I8+I23+I38 -> 1 | J53: =SUM(H53:I53) -> 5 | K53: =K8+K23+K38 -> 5 | L53: =L8+L23+L38 -> 0 | M53: =SUM(K53:L53) -> 5 | N53: =N8+N23+N38 -> 8 | O53: =O8+O23+O38 -> 3 | P53: =SUM(N53:O53) -> 11
A54: 06設備 | B54: =B9+B24+B39 -> 5 | C54: =C9+C24+C39 -> 3 | D54: =SUM(B54:C54) -> 8 | E54: =E9+E24+E39 -> 8 | F54: =F9+F24+F39 -> 3 | G54: =SUM(E54:F54) -> 11 | H54: =H9+H24+H39 -> 4 | I54: =I9+I24+I39 -> 1 | J54: =SUM(H54:I54) -> 5 | K54: =K9+K24+K39 -> 5 | L54: =L9+L24+L39 -> 4 | M54: =SUM(K54:L54) -> 9 | N54: =N9+N24+N39 -> 8 | O54: =O9+O24+O39 -> 8 | P54: =SUM(N54:O54) -> 16
A55: 07資材 | B55: =B10+B25+B40 -> 5 | C55: =C10+C25+C40 -> 5 | D55: =SUM(B55:C55) -> 10 | E55: =E10+E25+E40 -> 8 | F55: =F10+F25+F40 -> 3 | G55: =SUM(E55:F55) -> 11 | H55: =H10+H25+H40 -> 4 | I55: =I10+I25+I40 -> 1 | J55: =SUM(H55:I55) -> 5 | K55: =K10+K25+K40 -> 5 | L55: =L10+L25+L40 -> 1 | M55: =SUM(K55:L55) -> 6 | N55: =N10+N25+N40 -> 8 | O55: =O10+O25+O40 -> 7 | P55: =SUM(N55:O55) -> 15
A56: 08セキュリティ | B56: =B11+B26+B41 -> 5 | C56: =C11+C26+C41 -> 0 | D56: =SUM(B56:C56) -> 5 | E56: =E11+E26+E41 -> 8 | F56: =F11+F26+F41 -> 2 | G56: =SUM(E56:F56) -> 10 | H56: =H11+H26+H41 -> 4 | I56: =I11+I26+I41 -> 2 | J56: =SUM(H56:I56) -> 6 | K56: =K11+K26+K41 -> 5 | L56: =L11+L26+L41 -> 3 | M56: =SUM(K56:L56) -> 8 | N56: =N11+N26+N41 -> 8 | O56: =O11+O26+O41 -> 8 | P56: =SUM(N56:O56) -> 16
A57: 09社内システム | B57: =B12+B27+B42 -> 5 | C57: =C12+C27+C42 -> 0 | D57: =SUM(B57:C57) -> 5 | E57: =E12+E27+E42 -> 8 | F57: =F12+F27+F42 -> 5 | G57: =SUM(E57:F57) -> 13 | H57: =H12+H27+H42 -> 4 | I57: =I12+I27+I42 -> 1 | J57: =SUM(H57:I57) -> 5 | K57: =K12+K27+K42 -> 5 | L57: =L12+L27+L42 -> 0 | M57: =SUM(K57:L57) -> 5 | N57: =N12+N27+N42 -> 8 | O57: =O12+O27+O42 -> 5 | P57: =SUM(N57:O57) -> 13
A58: 10情報統括 | B58: =B13+B28+B43 -> 5 | C58: =C13+C28+C43 -> 6 | D58: =SUM(B58:C58) -> 11 | E58: =E13+E28+E43 -> 8 | F58: =F13+F28+F43 -> 4 | G58: 6 | H58: =H13+H28+H43 -> 4 | I58: =I13+I28+I43 -> 2 | J58: 6 | K58: =K13+K28+K43 -> 5 | L58: =L13+L28+L43 -> 4 | M58: 6 | N58: =N13+N28+N43 -> 8 | O58: =O13+O28+O43 -> 5 | P58: 6
A59: 計 | D59: =SUM(D49:D58) -> 86 | G59: =SUM(G49:G58) -> 109 | J59: =SUM(J49:J58) -> 58 | M59: =SUM(M49:M58) -> 71 | P59: =SUM(P49:P58) -> 126

Sheet 班別コンピテンシー
A1: 【01本部長支援】コンピテンシー別出題マトリクス
A2: 班名 | B2: シーン | C2: No. | D2: 問題No. | E2: 共/個 | F2: ｺﾐｭﾆｹｰｼｮﾝ | G2: 情報収集 | H2: 情報分析 | I2: 想像・先読み | J2: 計画
A3: =問題!A3 -> 00全班共通 | B3: =問題!B3 -> シーン1 | C3: =問題!C3 -> 1 | D3: =問題!D3 -> 共通01 | E3: =問題!E3 -> 共通 | F3: =IF(問題!G3="●","〇","×") -> × | G3: =IF(問題!I3="●","〇","×") -> 〇 | H3: =IF(問題!K3="●","〇","×") -> × | I3: =IF(問題!M3="●","〇","×") -> 〇 | J3: =IF(問題!O3="●","〇","×") -> 〇
A4: =問題!A4 -> 00全班共通 | B4: =問題!B4 -> シーン1 | C4: =問題!C4 -> 2 | D4: =問題!D4 -> 共通02 | E4: =問題!E4 -> 共通 | F4: =IF(問題!G4="●","〇","×") -> × | G4: =IF(問題!I4="●","〇","×") -> 〇 | H4: =IF(問題!K4="●","〇","×") -> × | I4: =IF(問題!M4="●","〇","×") -> × | J4: =IF(問題!O4="●","〇","×") -> ×
A5: =問題!A5 -> 00全班共通 | B5: =問題!B5 -> シーン1 | C5: =問題!C5 -> 3 | D5: =問題!D5 -> 共通03 | E5: =問題!E5 -> 共通 | F5: =IF(問題!G5="●","〇","×") -> × | G5: =IF(問題!I5="●","〇","×") -> × | H5: =IF(問題!K5="●","〇","×") -> 〇 | I5: =IF(問題!M5="●","〇","×") -> × | J5: =IF(問題!O5="●","〇","×") -> ×
A6: =問題!A6 -> 00全班共通 | B6: =問題!B6 -> シーン1 | C6: =問題!C6 -> 4 | D6: =問題!D6 -> 共通04 | E6: =問題!E6 -> 共通 | F6: =IF(問題!G6="●","〇","×") -> × | G6: =IF(問題!I6="●","〇","×") -> 〇 | H6: =IF(問題!K6="●","〇","×") -> × | I6: =IF(問題!M6="●","〇","×") -> × | J6: =IF(問題!O6="●","〇","×") -> 〇
A7: =問題!A7 -> 00全班共通 | B7: =問題!B7 -> シーン1 | C7: =問題!C7 -> 5 | D7: =問題!D7 -> 共通05 | E7: =問題!E7 -> 共通 | F7: =IF(問題!G7="●","〇","×") -> × | G7: =IF(問題!I7="●","〇","×") -> × | H7: =IF(問題!K7="●","〇","×") -> × | I7: =IF(問題!M7="●","〇","×") -> 〇 | J7: =IF(問題!O7="●","〇","×") -> 〇
A8: =問題!A8 -> 00全班共通 | B8: =問題!B8 -> シーン1 | C8: =問題!C8 -> 6 | D8: =問題!D8 -> 共通06 | E8: =問題!E8 -> 共通 | F8: =IF(問題!G8="●","〇","×") -> × | G8: =IF(問題!I8="●","〇","×") -> 〇 | H8: =IF(問題!K8="●","〇","×") -> 〇 | I8: =IF(問題!M8="●","〇","×") -> 〇 | J8: =IF(問題!O8="●","〇","×") -> ×
A9: =問題!A9 -> 00全班共通 | B9: =問題!B9 -> シーン1 | C9: =問題!C9 -> 7 | D9: =問題!D9 -> 共通07 | E9: =問題!E9 -> 共通 | F9: =IF(問題!G9="●","〇","×") -> × | G9: =IF(問題!I9="●","〇","×") -> 〇 | H9: =IF(問題!K9="●","〇","×") -> × | I9: =IF(問題!M9="●","〇","×") -> × | J9: =IF(問題!O9="●","〇","×") -> 〇
A10: =問題!A10 -> 00全班共通 | B10: =問題!B10 -> シーン1 | C10: =問題!C10 -> 8 | D10: =問題!D10 -> 共通08 | E10: =問題!E10 -> 共通 | F10: =IF(問題!G10="●","〇","×") -> × | G10: =IF(問題!I10="●","〇","×") -> 〇 | H10: =IF(問題!K10="●","〇","×") -> 〇 | I10: =IF(問題!M10="●","〇","×") -> 〇 | J10: =IF(問題!O10="●","〇","×") -> ×
A11: =問題!A11 -> 01本部長支援 | B11: =問題!B11 -> シーン2 | C11: =問題!C11 -> 1 | D11: =問題!D11 -> 共通09 | E11: =問題!E11 -> 共通 | F11: =IF(問題!G11="●","〇","×") -> 〇 | G11: =IF(問題!I11="●","〇","×") -> 〇 | H11: =IF(問題!K11="●","〇","×") -> × | I11: =IF(問題!M11="●","〇","×") -> × | J11: =IF(問題!O11="●","〇","×") -> ×
A12: =問題!A12 -> 01本部長支援 | B12: =問題!B12 -> シーン2 | C12: =問題!C12 -> 2 | D12: =問題!D12 -> 共通10 | E12: =問題!E12 -> 共通 | F12: =IF(問題!G12="●","〇","×") -> 〇 | G12: =IF(問題!I12="●","〇","×") -> × | H12: =IF(問題!K12="●","〇","×") -> × | I12: =IF(問題!M12="●","〇","×") -> × | J12: =IF(問題!O12="●","〇","×") -> 〇
A13: =問題!A13 -> 01本部長支援 | B13: =問題!B13 -> シーン2 | C13: =問題!C13 -> 3 | D13: =問題!D13 -> 個別 | E13: =問題!E13 -> 個別 | F13: =IF(問題!G13="●","〇","×") -> 〇 | G13: =IF(問題!I13="●","〇","×") -> 〇 | H13: =IF(問題!K13="●","〇","×") -> × | I13: =IF(問題!M13="●","〇","×") -> × | J13: =IF(問題!O13="●","〇","×") -> 〇
A14: =問題!A14 -> 01本部長支援 | B14: =問題!B14 -> シーン2 | C14: =問題!C14 -> 4 | D14: =問題!D14 -> 個別 | E14: =問題!E14 -> 個別 | F14: =IF(問題!G14="●","〇","×") -> × | G14: =IF(問題!I14="●","〇","×") -> × | H14: =IF(問題!K14="●","〇","×") -> 〇 | I14: =IF(問題!M14="●","〇","×") -> 〇 | J14: =IF(問題!O14="●","〇","×") -> 〇
... A17: =問題!A17 -> 01本部長支援 | B17: =問題!B17 -> シーン2 | C17: =問題!C17 -> 7 | D17: =問題!D17 -> 共通11 | E17: =問題!E17 -> 共通 | F17: =IF(問題!G17="●","〇","×") -> 〇 | G17: =IF(問題!I17="●","〇","×") -> × | H17: =IF(問題!K17="●","〇","×") -> × | I17: =IF(問題!M17="●","〇","×") -> × | J17: =IF(問題!O17="●","〇","×") -> ×
A18: =問題!A81 -> 01本部長支援 | B18: =問題!B81 -> シーン3 | C18: =問題!C81 -> 1 | D18: =問題!D81 -> 共通12 | E18: =問題!E81 -> 共通 | F18: =IF(問題!G81="●","〇","×") -> 〇 | G18: =IF(問題!I81="●","〇","×") -> × | H18: =IF(問題!K81="●","〇","×") -> × | I18: =IF(問題!M81="●","〇","×") -> × | J18: =IF(問題!O81="●","〇","×") -> 〇
A19: =問題!A82 -> 01本部長支援 | B19: =問題!B82 -> シーン3 | C19: =問題!C82 -> 2 | D19: =問題!D82 -> 個別 | E19: =問題!E82 -> 個別 | F19: =IF(問題!G82="●","〇","×") -> × | G19: =IF(問題!I82="●","〇","×") -> × | H19: =IF(問題!K82="●","〇","×") -> 〇 | I19: =IF(問題!M82="●","〇","×") -> 〇 | J19: =IF(問題!O82="●","〇","×") -> 〇
A20: =問題!A83 -> 01本部長支援 | B20: =問題!B83 -> シーン3 | C20: =問題!C83 -> 3 | D20: =問題!D83 -> 個別 | E20: =問題!E83 -> 個別 | F20: =IF(問題!G83="●","〇","×") -> × | G20: =IF(問題!I83="●","〇","×") -> 〇 | H20: =IF(問題!K83="●","〇","×") -> × | I20: =IF(問題!M83="●","〇","×") -> × | J20: =IF(問題!O83="●","〇","×") -> 〇
A21: =問題!A84 -> 01本部長支援 | B21: =問題!B84 -> シーン3 | C21: =問題!C84 -> 4 | D21: =問題!D84 -> 共通13 | E21: =問題!E84 -> 共通 | F21: =IF(問題!G84="●","〇","×") -> 〇 | G21: =IF(問題!I84="●","〇","×") -> 〇 | H21: =IF(問題!K84="●","〇","×") -> × | I21: =IF(問題!M84="●","〇","×") -> × | J21: =IF(問題!O84="●","〇","×") -> 〇
A22: =問題!A85 -> 01本部長支援 | B22: =問題!B85 -> シーン3 | C22: =問題!C85 -> 5 | D22: =問題!D85 -> 個別 | E22: =問題!E85 -> 個別 | F22: =IF(問題!G85="●","〇","×") -> 〇 | G22: =IF(問題!I85="●","〇","×") -> × | H22: =IF(問題!K85="●","〇","×") -> × | I22: =IF(問題!M85="●","〇","×") -> × | J22: =IF(問題!O85="●","〇","×") -> ×
A23: =問題!A86 -> 01本部長支援 | B23: =問題!B86 -> シーン3 | C23: =問題!C86 -> 6 | D23: =問題!D86 -> 個別 | E23: =問題!E86 -> 個別 | F23: =IF(問題!G86="●","〇","×") -> 〇 | G23: =IF(問題!I86="●","〇","×") -> 〇 | H23: =IF(問題!K86="●","〇","×") -> × | I23: =IF(問題!M86="●","〇","×") -> × | J23: =IF(問題!O86="●","〇","×") -> ×
A24: =問題!A87 -> 01本部長支援 | B24: =問題!B87 -> シーン3 | C24: =問題!C87 -> 7 | D24: =問題!D87 -> 共通14 | E24: =問題!E87 -> 共通 | F24: =IF(問題!G87="●","〇","×") -> × | G24: =IF(問題!I87="●","〇","×") -> × | H24: =IF(問題!K87="●","〇","×") -> 〇 | I24: =IF(問題!M87="●","〇","×") -> 〇 | J24: =IF(問題!O87="●","〇","×") -> 〇
A25: 合計 | E25: 〇の数 | F25: =COUNTIF(F3:F24,"〇") -> 10 | G25: =COUNTIF(G3:G24,"〇") -> 12 | H25: =COUNTIF(H3:H24,"〇") -> 6 | I25: =COUNTIF(I3:I24,"〇") -> 7 | J25: =COUNTIF(J3:J24,"〇") -> 12
A27: 【02広報】コンピテンシー別出題マトリクス
A28: 班名 | B28: シーン | C28: No. | D28: 問題No. | E28: 共/個 | F28: ｺﾐｭﾆｹｰｼｮﾝ | G28: 情報収集 | H28: 情報分析 | I28: 想像・先読み | J28: 計画
A29: =問題!A3 -> 00全班共通 | B29: =問題!B3 -> シーン1 | C29: =問題!C3 -> 1 | D29: =問題!D3 -> 共通01 | E29: =問題!E3 -> 共通 | F29: =IF(問題!G3="●","〇","×") -> × | G29: =IF(問題!I3="●","〇","×") -> 〇 | H29: =IF(問題!K3="●","〇","×") -> × | I29: =IF(問題!M3="●","〇","×") -> 〇 | J29: =IF(問題!O3="●","〇","×") -> 〇
A30: =問題!A4 -> 00全班共通 | B30: =問題!B4 -> シーン1 | C30: =問題!C4 -> 2 | D30: =問題!D4 -> 共通02 | E30: =問題!E4 -> 共通 | F30: =IF(問題!G4="●","〇","×") -> × | G30: =IF(問題!I4="●","〇","×") -> 〇 | H30: =IF(問題!K4="●","〇","×") -> × | I30: =IF(問題!M4="●","〇","×") -> × | J30: =IF(問題!O4="●","〇","×") -> ×
A31: =問題!A5 -> 00全班共通 | B31: =問題!B5 -> シーン1 | C31: =問題!C5 -> 3 | D31: =問題!D5 -> 共通03 | E31: =問題!E5 -> 共通 | F31: =IF(問題!G5="●","〇","×") -> × | G31: =IF(問題!I5="●","〇","×") -> × | H31: =IF(問題!K5="●","〇","×") -> 〇 | I31: =IF(問題!M5="●","〇","×") -> × | J31: =IF(問題!O5="●","〇","×") -> ×
A32: =問題!A6 -> 00全班共通 | B32: =問題!B6 -> シーン1 | C32: =問題!C6 -> 4 | D32: =問題!D6 -> 共通04 | E32: =問題!E6 -> 共通 | F32: =IF(問題!G6="●","〇","×") -> × | G32: =IF(問題!I6="●","〇","×") -> 〇 | H32: =IF(問題!K6="●","〇","×") -> × | I32: =IF(問題!M6="●","〇","×") -> × | J32: =IF(問題!O6="●","〇","×") -> 〇
A33: =問題!A7 -> 00全班共通 | B33: =問題!B7 -> シーン1 | C33: =問題!C7 -> 5 | D33: =問題!D7 -> 共通05 | E33: =問題!E7 -> 共通 | F33: =IF(問題!G7="●","〇","×") -> × | G33: =IF(問題!I7="●","〇","×") -> × | H33: =IF(問題!K7="●","〇","×") -> × | I33: =IF(問題!M7="●","〇","×") -> 〇 | J33: =IF(問題!O7="●","〇","×") -> 〇
A34: =問題!A8 -> 00全班共通 | B34: =問題!B8 -> シーン1 | C34: =問題!C8 -> 6 | D34: =問題!D8 -> 共通06 | E34: =問題!E8 -> 共通 | F34: =IF(問題!G8="●","〇","×") -> × | G34: =IF(問題!I8="●","〇","×") -> 〇 | H34: =IF(問題!K8="●","〇","×") -> 〇 | I34: =IF(問題!M8="●","〇","×") -> 〇 | J34: =IF(問題!O8="●","〇","×") -> ×
A35: =問題!A9 -> 00全班共通 | B35: =問題!B9 -> シーン1 | C35: =問題!C9 -> 7 | D35: =問題!D9 -> 共通07 | E35: =問題!E9 -> 共通 | F35: =IF(問題!G9="●","〇","×") -> × | G35: =IF(問題!I9="●","〇","×") -> 〇 | H35: =IF(問題!K9="●","〇","×") -> × | I35: =IF(問題!M9="●","〇","×") -> × | J35: =IF(問題!O9="●","〇","×") -> 〇
A36: =問題!A10 -> 00全班共通 | B36: =問題!B10 -> シーン1 | C36: =問題!C10 -> 8 | D36: =問題!D10 -> 共通08 | E36: =問題!E10 -> 共通 | F36: =IF(問題!G10="●","〇","×") -> × | G36: =IF(問題!I10="●","〇","×") -> 〇 | H36: =IF(問題!K10="●","〇","×") -> 〇 | I36: =IF(問題!M10="●","〇","×") -> 〇 | J36: =IF(問題!O10="●","〇","×") -> ×
A37: =問題!A18 -> 02広報 | B37: =問題!B18 -> シーン2 | C37: =問題!C18 -> 1 | D37: =問題!D18 -> 共通09 | E37: =問題!E18 -> 共通 | F37: =IF(問題!G18="●","〇","×") -> 〇 | G37: =IF(問題!I18="●","〇","×") -> 〇 | H37: =IF(問題!K18="●","〇","×") -> × | I37: =IF(問題!M18="●","〇","×") -> × | J37: =IF(問題!O18="●","〇","×") -> ×
A38: =問題!A19 -> 02広報 | B38: =問題!B19 -> シーン2 | C38: =問題!C19 -> 2 | D38: =問題!D19 -> 共通10 | E38: =問題!E19 -> 共通 | F38: =IF(問題!G19="●","〇","×") -> 〇 | G38: =IF(問題!I19="●","〇","×") -> × | H38: =IF(問題!K19="●","〇","×") -> × | I38: =IF(問題!M19="●","〇","×") -> × | J38: =IF(問題!O19="●","〇","×") -> 〇
A39: =問題!A20 -> 02広報 | B39: =問題!B20 -> シーン2 | C39: =問題!C20 -> 3 | D39: =問題!D20 -> 個別 | E39: =問題!E20 -> 個別 | F39: =IF(問題!G20="●","〇","×") -> × | G39: =IF(問題!I20="●","〇","×") -> 〇 | H39: =IF(問題!K20="●","〇","×") -> × | I39: =IF(問題!M20="●","〇","×") -> × | J39: =IF(問題!O20="●","〇","×") -> 〇
A40: =問題!A21 -> 02広報 | B40: =問題!B21 -> シーン2 | C40: =問題!C21 -> 4 | D40: =問題!D21 -> 個別 | E40: =問題!E21 -> 個別 | F40: =IF(問題!G21="●","〇","×") -> 〇 | G40: =IF(問題!I21="●","〇","×") -> 〇 | H40: =IF(問題!K21="●","〇","×") -> × | I40: =IF(問題!M21="●","〇","×") -> × | J40: =IF(問題!O21="●","〇","×") -> ×
A41: =問題!A22 -> 02広報 | B41: =問題!B22 -> シーン2 | C41: =問題!C22 -> 5 | D41: =問題!D22 -> 個別 | E41: =問題!E22 -> 個別 | F41: =IF(問題!G22="●","〇","×") -> × | G41: =IF(問題!I22="●","〇","×") -> × | H41: =IF(問題!K22="●","〇","×") -> × | I41: =IF(問題!M22="●","〇","×") -> × | J41: =IF(問題!O22="●","〇","×") -> 〇
A42: =問題!A23 -> 02広報 | B42: =問題!B23 -> シーン2 | C42: =問題!C23 -> 6 | D42: =問題!D23 -> 個別 | E42: =問題!E23 -> 個別 | F42: =IF(問題!G23="●","〇","×") -> × | G42: =IF(問題!I23="●","〇","×") -> × | H42: =IF(問題!K23="●","〇","×") -> 〇 | I42: =IF(問題!M23="●","〇","×") -> 〇 | J42: =IF(問題!O23="●","〇","×") -> ×
A43: =問題!A24 -> 02広報 | B43: =問題!B24 -> シーン2 | C43: =問題!C24 -> 7 | D43: =問題!D24 -> 共通11 | E43: =問題!E24 -> 共通 | F43: =IF(問題!G24="●","〇","×") -> 〇 | G43: =IF(問題!I24="●","〇","×") -> × | H43: =IF(問題!K24="●","〇","×") -> × | I43: =IF(問題!M24="●","〇","×") -> × | J43: =IF(問題!O24="●","〇","×") -> ×
A44: =問題!A88 -> 02広報 | B44: =問題!B88 -> シーン3 | C44: =問題!C88 -> 1 | D44: =問題!D88 -> 共通12 | E44: =問題!E88 -> 共通 | F44: =IF(問題!G88="●","〇","×") -> 〇 | G44: =IF(問題!I88="●","〇","×") -> × | H44: =IF(問題!K88="●","〇","×") -> × | I44: =IF(問題!M88="●","〇","×") -> × | J44: =IF(問題!O88="●","〇","×") -> 〇
A45: =問題!A89 -> 02広報 | B45: =問題!B89 -> シーン3 | C45: =問題!C89 -> 2 | D45: =問題!D89 -> 共通13 | E45: =問題!E89 -> 共通 | F45: =IF(問題!G89="●","〇","×") -> 〇 | G45: =IF(問題!I89="●","〇","×") -> 〇 | H45: =IF(問題!K89="●","〇","×") -> × | I45: =IF(問題!M89="●","〇","×") -> × | J45: =IF(問題!O89="●","〇","×") -> 〇
A46: =問題!A90 -> 02広報 | B46: =問題!B90 -> シーン3 | C46: =問題!C90 -> 3 | D46: =問題!D90 -> 個別 | E46: =問題!E90 -> 個別 | F46: =IF(問題!G90="●","〇","×") -> 〇 | G46: =IF(問題!I90="●","〇","×") -> × | H46: =IF(問題!K90="●","〇","×") -> × | I46: =IF(問題!M90="●","〇","×") -> × | J46: =IF(問題!O90="●","〇","×") -> ×
A47: =問題!A91 -> 02広報 | B47: =問題!B91 -> シーン3 | C47: =問題!C91 -> 4 | D47: =問題!D91 -> 個別 | E47: =問題!E91 -> 個別 | F47: =IF(問題!G91="●","〇","×") -> 〇 | G47: =IF(問題!I91="●","〇","×") -> × | H47: =IF(問題!K91="●","〇","×") -> × | I47: =IF(問題!M91="●","〇","×") -> × | J47: =IF(問題!O91="●","〇","×") -> 〇
A48: =問題!A92 -> 02広報 | B48: =問題!B92 -> シーン3 | C48: =問題!C92 -> 5 | D48: =問題!D92 -> 個別 | E48: =問題!E92 -> 個別 | F48: =IF(問題!G92="●","〇","×") -> × | G48: =IF(問題!I92="●","〇","×") -> × | H48: =IF(問題!K92="●","〇","×") -> 〇 | I48: =IF(問題!M92="●","〇","×") -> × | J48: =IF(問題!O92="●","〇","×") -> 〇
A49: =問題!A93 -> 02広報 | B49: =問題!B93 -> シーン3 | C49: =問題!C93 -> 6 | D49: =問題!D93 -> 個別 | E49: =問題!E93 -> 個別 | F49: =IF(問題!G93="●","〇","×") -> 〇 | G49: =IF(問題!I93="●","〇","×") -> × | H49: =IF(問題!K93="●","〇","×") -> × | I49: =IF(問題!M93="●","〇","×") -> × | J49: =IF(問題!O93="●","〇","×") -> 〇
A50: =問題!A94 -> 02広報 | B50: =問題!B94 -> シーン3 | C50: =問題!C94 -> 7 | D50: =問題!D94 -> 共通14 | E50: =問題!E94 -> 共通 | F50: =IF(問題!G94="●","〇","×") -> × | G50: =IF(問題!I94="●","〇","×") -> × | H50: =IF(問題!K94="●","〇","×") -> 〇 | I50: =IF(問題!M94="●","〇","×") -> 〇 | J50: =IF(問題!O94="●","〇","×") -> 〇
A51: 合計 | E51: 〇の数 | F51: =COUNTIF(F29:F50,"〇") -> 9 | G51: =COUNTIF(G29:G50,"〇") -> 10 | H51: =COUNTIF(H29:H50,"〇") -> 6 | I51: =COUNTIF(I29:I50,"〇") -> 6 | J51: =COUNTIF(J29:J50,"〇") -> 13
A53: 【03総務】コンピテンシー別出題マトリクス
A54: 班名 | B54: シーン | C54: No. | D54: 問題No. | E54: 共/個 | F54: ｺﾐｭﾆｹｰｼｮﾝ | G54: 情報収集 | H54: 情報分析 | I54: 想像・先読み | J54: 計画
A55: =問題!A3 -> 00全班共通 | B55: =問題!B3 -> シーン1 | C55: =問題!C3 -> 1 | D55: =問題!D3 -> 共通01 | E55: =問題!E3 -> 共通 | F55: =IF(問題!G3="●","〇","×") -> × | G55: =IF(問題!I3="●","〇","×") -> 〇 | H55: =IF(問題!K3="●","〇","×") -> × | I55: =IF(問題!M3="●","〇","×") -> 〇 | J55: =IF(問題!O3="●","〇","×") -> 〇
A56: =問題!A4 -> 00全班共通 | B56: =問題!B4 -> シーン1 | C56: =問題!C4 -> 2 | D56: =問題!D4 -> 共通02 | E56: =問題!E4 -> 共通 | F56: =IF(問題!G4="●","〇","×") -> × | G56: =IF(問題!I4="●","〇","×") -> 〇 | H56: =IF(問題!K4="●","〇","×") -> × | I56: =IF(問題!M4="●","〇","×") -> × | J56: =IF(問題!O4="●","〇","×") -> ×
A57: =問題!A5 -> 00全班共通 | B57: =問題!B5 -> シーン1 | C57: =問題!C5 -> 3 | D57: =問題!D5 -> 共通03 | E57: =問題!E5 -> 共通 | F57: =IF(問題!G5="●","〇","×") -> × | G57: =IF(問題!I5="●","〇","×") -> × | H57: =IF(問題!K5="●","〇","×") -> 〇 | I57: =IF(問題!M5="●","〇","×") -> × | J57: =IF(問題!O5="●","〇","×") -> ×
A58: =問題!A6 -> 00全班共通 | B58: =問題!B6 -> シーン1 | C58: =問題!C6 -> 4 | D58: =問題!D6 -> 共通04 | E58: =問題!E6 -> 共通 | F58: =IF(問題!G6="●","〇","×") -> × | G58: =IF(問題!I6="●","〇","×") -> 〇 | H58: =IF(問題!K6="●","〇","×") -> × | I58: =IF(問題!M6="●","〇","×") -> × | J58: =IF(問題!O6="●","〇","×") -> 〇
A59: =問題!A7 -> 00全班共通 | B59: =問題!B7 -> シーン1 | C59: =問題!C7 -> 5 | D59: =問題!D7 -> 共通05 | E59: =問題!E7 -> 共通 | F59: =IF(問題!G7="●","〇","×") -> × | G59: =IF(問題!I7="●","〇","×") -> × | H59: =IF(問題!K7="●","〇","×") -> × | I59: =IF(問題!M7="●","〇","×") -> 〇 | J59: =IF(問題!O7="●","〇","×") -> 〇
A60: =問題!A8 -> 00全班共通 | B60: =問題!B8 -> シーン1 | C60: =問題!C8 -> 6 | D60: =問題!D8 -> 共通06 | E60: =問題!E8 -> 共通 | F60: =IF(問題!G8="●","〇","×") -> × | G60: =IF(問題!I8="●","〇","×") -> 〇 | H60: =IF(問題!K8="●","〇","×") -> 〇 | I60: =IF(問題!M8="●","〇","×") -> 〇 | J60: =IF(問題!O8="●","〇","×") -> ×
A61: =問題!A9 -> 00全班共通 | B61: =問題!B9 -> シーン1 | C61: =問題!C9 -> 7 | D61: =問題!D9 -> 共通07 | E61: =問題!E9 -> 共通 | F61: =IF(問題!G9="●","〇","×") -> × | G61: =IF(問題!I9="●","〇","×") -> 〇 | H61: =IF(問題!K9="●","〇","×") -> × | I61: =IF(問題!M9="●","〇","×") -> × | J61: =IF(問題!O9="●","〇","×") -> 〇
A62: =問題!A10 -> 00全班共通 | B62: =問題!B10 -> シーン1 | C62: =問題!C10 -> 8 | D62: =問題!D10 -> 共通08 | E62: =問題!E10 -> 共通 | F62: =IF(問題!G10="●","〇","×") -> × | G62: =IF(問題!I10="●","〇","×") -> 〇 | H62: =IF(問題!K10="●","〇","×") -> 〇 | I62: =IF(問題!M10="●","〇","×") -> 〇 | J62: =IF(問題!O10="●","〇","×") -> ×
A63: =問題!A25 -> 03総務 | B63: =問題!B25 -> シーン2 | C63: =問題!C25 -> 1 | D63: =問題!D25 -> 共通09 | E63: =問題!E25 -> 共通 | F63: =IF(問題!G25="●","〇","×") -> 〇 | G63: =IF(問題!I25="●","〇","×") -> 〇 | H63: =IF(問題!K25="●","〇","×") -> × | I63: =IF(問題!M25="●","〇","×") -> × | J63: =IF(問題!O25="●","〇","×") -> ×
A64: =問題!A26 -> 03総務 | B64: =問題!B26 -> シーン2 | C64: =問題!C26 -> 2 | D64: =問題!D26 -> 共通10 | E64: =問題!E26 -> 共通 | F64: =IF(問題!G26="●","〇","×") -> 〇 | G64: =IF(問題!I26="●","〇","×") -> × | H64: =IF(問題!K26="●","〇","×") -> × | I64: =IF(問題!M26="●","〇","×") -> × | J64: =IF(問題!O26="●","〇","×") -> 〇
A65: =問題!A27 -> 03総務 | B65: =問題!B27 -> シーン2 | C65: =問題!C27 -> 3 | D65: =問題!D27 -> 個別 | E65: =問題!E27 -> 個別 | F65: =IF(問題!G27="●","〇","×") -> 〇 | G65: =IF(問題!I27="●","〇","×") -> × | H65: =IF(問題!K27="●","〇","×") -> 〇 | I65: =IF(問題!M27="●","〇","×") -> × | J65: =IF(問題!O27="●","〇","×") -> 〇
A66: =問題!A28 -> 03総務 | B66: =問題!B28 -> シーン2 | C66: =問題!C28 -> 4 | D66: =問題!D28 -> 個別 | E66: =問題!E28 -> 個別 | F66: =IF(問題!G28="●","〇","×") -> 〇 | G66: =IF(問題!I28="●","〇","×") -> 〇 | H66: =IF(問題!K28="●","〇","×") -> × | I66: =IF(問題!M28="●","〇","×") -> 〇 | J66: =IF(問題!O28="●","〇","×") -> ×
A67: =問題!A29 -> 03総務 | B67: =問題!B29 -> シーン2 | C67: =問題!C29 -> 5 | D67: =問題!D29 -> 個別 | E67: =問題!E29 -> 個別 | F67: =IF(問題!G29="●","〇","×") -> × | G67: =IF(問題!I29="●","〇","×") -> 〇 | H67: =IF(問題!K29="●","〇","×") -> × | I67: =IF(問題!M29="●","〇","×") -> 〇 | J67: =IF(問題!O29="●","〇","×") -> 〇
A68: =問題!A30 -> 03総務 | B68: =問題!B30 -> シーン2 | C68: =問題!C30 -> 6 | D68: =問題!D30 -> 個別 | E68: =問題!E30 -> 個別 | F68: =IF(問題!G30="●","〇","×") -> 〇 | G68: =IF(問題!I30="●","〇","×") -> × | H68: =IF(問題!K30="●","〇","×") -> × | I68: =IF(問題!M30="●","〇","×") -> 〇 | J68: =IF(問題!O30="●","〇","×") -> 〇
A69: =問題!A31 -> 03総務 | B69: =問題!B31 -> シーン2 | C69: =問題!C31 -> 7 | D69: =問題!D31 -> 共通11 | E69: =問題!E31 -> 共通 | F69: =IF(問題!G31="●","〇","×") -> 〇 | G69: =IF(問題!I31="●","〇","×") -> × | H69: =IF(問題!K31="●","〇","×") -> × | I69: =IF(問題!M31="●","〇","×") -> × | J69: =IF(問題!O31="●","〇","×") -> ×
A70: =問題!A95 -> 03総務 | B70: =問題!B95 -> シーン3 | C70: =問題!C95 -> 1 | D70: =問題!D95 -> 共通12 | E70: =問題!E95 -> 共通 | F70: =IF(問題!G95="●","〇","×") -> 〇 | G70: =IF(問題!I95="●","〇","×") -> × | H70: =IF(問題!K95="●","〇","×") -> × | I70: =IF(問題!M95="●","〇","×") -> × | J70: =IF(問題!O95="●","〇","×") -> 〇
A71: =問題!A96 -> 03総務 | B71: =問題!B96 -> シーン3 | C71: =問題!C96 -> 2 | D71: =問題!D96 -> 共通13 | E71: =問題!E96 -> 共通 | F71: =IF(問題!G96="●","〇","×") -> 〇 | G71: =IF(問題!I96="●","〇","×") -> 〇 | H71: =IF(問題!K96="●","〇","×") -> × | I71: =IF(問題!M96="●","〇","×") -> × | J71: =IF(問題!O96="●","〇","×") -> 〇
A72: =問題!A97 -> 03総務 | B72: =問題!B97 -> シーン3 | C72: =問題!C97 -> 3 | D72: =問題!D97 -> 個別 | E72: =問題!E97 -> 個別 | F72: =IF(問題!G97="●","〇","×") -> × | G72: =IF(問題!I97="●","〇","×") -> × | H72: =IF(問題!K97="●","〇","×") -> × | I72: =IF(問題!M97="●","〇","×") -> 〇 | J72: =IF(問題!O97="●","〇","×") -> 〇
A73: =問題!A98 -> 03総務 | B73: =問題!B98 -> シーン3 | C73: =問題!C98 -> 4 | D73: =問題!D98 -> 個別 | E73: =問題!E98 -> 個別 | F73: =IF(問題!G98="●","〇","×") -> 〇 | G73: =IF(問題!I98="●","〇","×") -> × | H73: =IF(問題!K98="●","〇","×") -> × | I73: =IF(問題!M98="●","〇","×") -> × | J73: =IF(問題!O98="●","〇","×") -> 〇
A74: =問題!A99 -> 03総務 | B74: =問題!B99 -> シーン3 | C74: =問題!C99 -> 5 | D74: =問題!D99 -> 個別 | E74: =問題!E99 -> 個別 | F74: =IF(問題!G99="●","〇","×") -> 〇 | G74: =IF(問題!I99="●","〇","×") -> × | H74: =IF(問題!K99="●","〇","×") -> 〇 | I74: =IF(問題!M99="●","〇","×") -> × | J74: =IF(問題!O99="●","〇","×") -> 〇
A75: =問題!A100 -> 03総務 | B75: =問題!B100 -> シーン3 | C75: =問題!C100 -> 6 | D75: =問題!D100 -> 個別 | E75: =問題!E100 -> 個別 | F75: =IF(問題!G100="●","〇","×") -> 〇 | G75: =IF(問題!I100="●","〇","×") -> × | H75: =IF(問題!K100="●","〇","×") -> × | I75: =IF(問題!M100="●","〇","×") -> 〇 | J75: =IF(問題!O100="●","〇","×") -> 〇
A76: =問題!A101 -> 03総務 | B76: =問題!B101 -> シーン3 | C76: =問題!C101 -> 7 | D76: =問題!D101 -> 共通14 | E76: =問題!E101 -> 共通 | F76: =IF(問題!G101="●","〇","×") -> × | G76: =IF(問題!I101="●","〇","×") -> × | H76: =IF(問題!K101="●","〇","×") -> 〇 | I76: =IF(問題!M101="●","〇","×") -> 〇 | J76: =IF(問題!O101="●","〇","×") -> 〇
A77: 合計 | E77: 〇の数 | F77: =COUNTIF(F55:F76,"〇") -> 11 | G77: =COUNTIF(G55:G76,"〇") -> 10 | H77: =COUNTIF(H55:H76,"〇") -> 6 | I77: =COUNTIF(I55:I76,"〇") -> 10 | J77: =COUNTIF(J55:J76,"〇") -> 15
A79: 【04サービス】コンピテンシー別出題マトリクス
A80: 班名 | B80: シーン | C80: No. | D80: 問題No. | E80: 共/個 | F80: ｺﾐｭﾆｹｰｼｮﾝ | G80: 情報収集 | H80: 情報分析 | I80: 想像・先読み | J80: 計画
A81: =問題!A3 -> 00全班共通 | B81: =問題!B3 -> シーン1 | C81: =問題!C3 -> 1 | D81: =問題!D3 -> 共通01 | E81: =問題!E3 -> 共通 | F81: =IF(問題!G3="●","〇","×") -> × | G81: =IF(問題!I3="●","〇","×") -> 〇 | H81: =IF(問題!K3="●","〇","×") -> × | I81: =IF(問題!M3="●","〇","×") -> 〇 | J81: =IF(問題!O3="●","〇","×") -> 〇
A82: =問題!A4 -> 00全班共通 | B82: =問題!B4 -> シーン1 | C82: =問題!C4 -> 2 | D82: =問題!D4 -> 共通02 | E82: =問題!E4 -> 共通 | F82: =IF(問題!G4="●","〇","×") -> × | G82: =IF(問題!I4="●","〇","×") -> 〇 | H82: =IF(問題!K4="●","〇","×") -> × | I82: =IF(問題!M4="●","〇","×") -> × | J82: =IF(問題!O4="●","〇","×") -> ×
A83: =問題!A5 -> 00全班共通 | B83: =問題!B5 -> シーン1 | C83: =問題!C5 -> 3 | D83: =問題!D5 -> 共通03 | E83: =問題!E5 -> 共通 | F83: =IF(問題!G5="●","〇","×") -> × | G83: =IF(問題!I5="●","〇","×") -> × | H83: =IF(問題!K5="●","〇","×") -> 〇 | I83: =IF(問題!M5="●","〇","×") -> × | J83: =IF(問題!O5="●","〇","×") -> ×
A84: =問題!A6 -> 00全班共通 | B84: =問題!B6 -> シーン1 | C84: =問題!C6 -> 4 | D84: =問題!D6 -> 共通04 | E84: =問題!E6 -> 共通 | F84: =IF(問題!G6="●","〇","×") -> × | G84: =IF(問題!I6="●","〇","×") -> 〇 | H84: =IF(問題!K6="●","〇","×") -> × | I84: =IF(問題!M6="●","〇","×") -> × | J84: =IF(問題!O6="●","〇","×") -> 〇
A85: =問題!A7 -> 00全班共通 | B85: =問題!B7 -> シーン1 | C85: =問題!C7 -> 5 | D85: =問題!D7 -> 共通05 | E85: =問題!E7 -> 共通 | F85: =IF(問題!G7="●","〇","×") -> × | G85: =IF(問題!I7="●","〇","×") -> × | H85: =IF(問題!K7="●","〇","×") -> × | I85: =IF(問題!M7="●","〇","×") -> 〇 | J85: =IF(問題!O7="●","〇","×") -> 〇
A86: =問題!A8 -> 00全班共通 | B86: =問題!B8 -> シーン1 | C86: =問題!C8 -> 6 | D86: =問題!D8 -> 共通06 | E86: =問題!E8 -> 共通 | F86: =IF(問題!G8="●","〇","×") -> × | G86: =IF(問題!I8="●","〇","×") -> 〇 | H86: =IF(問題!K8="●","〇","×") -> 〇 | I86: =IF(問題!M8="●","〇","×") -> 〇 | J86: =IF(問題!O8="●","〇","×") -> ×
A87: =問題!A9 -> 00全班共通 | B87: =問題!B9 -> シーン1 | C87: =問題!C9 -> 7 | D87: =問題!D9 -> 共通07 | E87: =問題!E9 -> 共通 | F87: =IF(問題!G9="●","〇","×") -> × | G87: =IF(問題!I9="●","〇","×") -> 〇 | H87: =IF(問題!K9="●","〇","×") -> × | I87: =IF(問題!M9="●","〇","×") -> × | J87: =IF(問題!O9="●","〇","×") -> 〇
A88: =問題!A10 -> 00全班共通 | B88: =問題!B10 -> シーン1 | C88: =問題!C10 -> 8 | D88: =問題!D10 -> 共通08 | E88: =問題!E10 -> 共通 | F88: =IF(問題!G10="●","〇","×") -> × | G88: =IF(問題!I10="●","〇","×") -> 〇 | H88: =IF(問題!K10="●","〇","×") -> 〇 | I88: =IF(問題!M10="●","〇","×") -> 〇 | J88: =IF(問題!O10="●","〇","×") -> ×
A89: =問題!A32 -> 04サービス | B89: =問題!B32 -> シーン2 | C89: =問題!C32 -> 1 | D89: =問題!D32 -> 共通09 | E89: =問題!E32 -> 共通 | F89: =IF(問題!G32="●","〇","×") -> 〇 | G89: =IF(問題!I32="●","〇","×") -> 〇 | H89: =IF(問題!K32="●","〇","×") -> × | I89: =IF(問題!M32="●","〇","×") -> × | J89: =IF(問題!O32="●","〇","×") -> ×
A90: =問題!A33 -> 04サービス | B90: =問題!B33 -> シーン2 | C90: =問題!C33 -> 2 | D90: =問題!D33 -> 共通10 | E90: =問題!E33 -> 共通 | F90: =IF(問題!G33="●","〇","×") -> 〇 | G90: =IF(問題!I33="●","〇","×") -> × | H90: =IF(問題!K33="●","〇","×") -> × | I90: =IF(問題!M33="●","〇","×") -> × | J90: =IF(問題!O33="●","〇","×") -> 〇
A91: =問題!A34 -> 04サービス | B91: =問題!B34 -> シーン2 | C91: =問題!C34 -> 3 | D91: =問題!D34 -> 個別 | E91: =問題!E34 -> 個別 | F91: =IF(問題!G34="●","〇","×") -> 〇 | G91: =IF(問題!I34="●","〇","×") -> 〇 | H91: =IF(問題!K34="●","〇","×") -> × | I91: =IF(問題!M34="●","〇","×") -> × | J91: =IF(問題!O34="●","〇","×") -> ×
A92: =問題!A35 -> 04サービス | B92: =問題!B35 -> シーン2 | C92: =問題!C35 -> 4 | D92: =問題!D35 -> 個別 | E92: =問題!E35 -> 個別 | F92: =IF(問題!G35="●","〇","×") -> × | G92: =IF(問題!I35="●","〇","×") -> × | H92: =IF(問題!K35="●","〇","×") -> 〇 | I92: =IF(問題!M35="●","〇","×") -> 〇 | J92: =IF(問題!O35="●","〇","×") -> ×
A93: =問題!A36 -> 04サービス | B93: =問題!B36 -> シーン2 | C93: =問題!C36 -> 5 | D93: =問題!D36 -> 個別 | E93: =問題!E36 -> 個別 | F93: =IF(問題!G36="●","〇","×") -> 〇 | G93: =IF(問題!I36="●","〇","×") -> × | H93: =IF(問題!K36="●","〇","×") -> 〇 | I93: =IF(問題!M36="●","〇","×") -> 〇 | J93: =IF(問題!O36="●","〇","×") -> ×
A94: =問題!A37 -> 04サービス | B94: =問題!B37 -> シーン2 | C94: =問題!C37 -> 6 | D94: =問題!D37 -> 個別 | E94: =問題!E37 -> 個別 | F94: =IF(問題!G37="●","〇","×") -> × | G94: =IF(問題!I37="●","〇","×") -> × | H94: =IF(問題!K37="●","〇","×") -> 〇 | I94: =IF(問題!M37="●","〇","×") -> 〇 | J94: =IF(問題!O37="●","〇","×") -> ×
A95: =問題!A38 -> 04サービス | B95: =問題!B38 -> シーン2 | C95: =問題!C38 -> 7 | D95: =問題!D38 -> 共通11 | E95: =問題!E38 -> 共通 | F95: =IF(問題!G38="●","〇","×") -> 〇 | G95: =IF(問題!I38="●","〇","×") -> × | H95: =IF(問題!K38="●","〇","×") -> × | I95: =IF(問題!M38="●","〇","×") -> × | J95: =IF(問題!O38="●","〇","×") -> ×
A96: =問題!A102 -> 04サービス | B96: =問題!B102 -> シーン3 | C96: =問題!C102 -> 1 | D96: =問題!D102 -> 共通12 | E96: =問題!E102 -> 共通 | F96: =IF(問題!G102="●","〇","×") -> 〇 | G96: =IF(問題!I102="●","〇","×") -> × | H96: =IF(問題!K102="●","〇","×") -> × | I96: =IF(問題!M102="●","〇","×") -> × | J96: =IF(問題!O102="●","〇","×") -> 〇
A97: =問題!A103 -> 04サービス | B97: =問題!B103 -> シーン3 | C97: =問題!C103 -> 2 | D97: =問題!D103 -> 共通13 | E97: =問題!E103 -> 共通 | F97: =IF(問題!G103="●","〇","×") -> 〇 | G97: =IF(問題!I103="●","〇","×") -> 〇 | H97: =IF(問題!K103="●","〇","×") -> × | I97: =IF(問題!M103="●","〇","×") -> × | J97: =IF(問題!O103="●","〇","×") -> 〇
A98: =問題!A104 -> 04サービス | B98: =問題!B104 -> シーン3 | C98: =問題!C104 -> 3 | D98: =問題!D104 -> 個別 | E98: =問題!E104 -> 個別 | F98: =IF(問題!G104="●","〇","×") -> × | G98: =IF(問題!I104="●","〇","×") -> 〇 | H98: =IF(問題!K104="●","〇","×") -> 〇 | I98: =IF(問題!M104="●","〇","×") -> × | J98: =IF(問題!O104="●","〇","×") -> ×
A99: =問題!A105 -> 04サービス | B99: =問題!B105 -> シーン3 | C99: =問題!C105 -> 4 | D99: =問題!D105 -> 個別 | E99: =問題!E105 -> 個別 | F99: =IF(問題!G105="●","〇","×") -> 〇 | G99: =IF(問題!I105="●","〇","×") -> × | H99: =IF(問題!K105="●","〇","×") -> × | I99: =IF(問題!M105="●","〇","×") -> × | J99: =IF(問題!O105="●","〇","×") -> 〇
A100: =問題!A106 -> 04サービス | B100: =問題!B106 -> シーン3 | C100: =問題!C106 -> 5 | D100: =問題!D106 -> 個別 | E100: =問題!E106 -> 個別 | F100: =IF(問題!G106="●","〇","×") -> × | G100: =IF(問題!I106="●","〇","×") -> 〇 | H100: =IF(問題!K106="●","〇","×") -> × | I100: =IF(問題!M106="●","〇","×") -> 〇 | J100: =IF(問題!O106="●","〇","×") -> ×
A101: =問題!A107 -> 04サービス | B101: =問題!B107 -> シーン3 | C101: =問題!C107 -> 6 | D101: =問題!D107 -> 個別 | E101: =問題!E107 -> 個別 | F101: =IF(問題!G107="●","〇","×") -> 〇 | G101: =IF(問題!I107="●","〇","×") -> 〇 | H101: =IF(問題!K107="●","〇","×") -> × | I101: =IF(問題!M107="●","〇","×") -> × | J101: =IF(問題!O107="●","〇","×") -> ×
A102: =問題!A108 -> 04サービス | B102: =問題!B108 -> シーン3 | C102: =問題!C108 -> 7 | D102: =問題!D108 -> 共通14 | E102: =問題!E108 -> 共通 | F102: =IF(問題!G108="●","〇","×") -> × | G102: =IF(問題!I108="●","〇","×") -> × | H102: =IF(問題!K108="●","〇","×") -> 〇 | I102: =IF(問題!M108="●","〇","×") -> 〇 | J102: =IF(問題!O108="●","〇","×") -> 〇
A103: 合計 | E103: 〇の数 | F103: =COUNTIF(F81:F102,"〇") -> 9 | G103: =COUNTIF(G81:G102,"〇") -> 12 | H103: =COUNTIF(H81:H102,"〇") -> 8 | I103: =COUNTIF(I81:I102,"〇") -> 9 | J103: =COUNTIF(J81:J102,"〇") -> 9
A105: 【05お客様対応】コンピテンシー別出題マトリクス
A106: 班名 | B106: シーン | C106: No. | D106: 問題No. | E106: 共/個 | F106: ｺﾐｭﾆｹｰｼｮﾝ | G106: 情報収集 | H106: 情報分析 | I106: 想像・先読み | J106: 計画
...
